{"type":"FeatureCollection","license":"ODbL 1.0 https://opendatacommons.org/licenses/odbl/1-0/","attribution":"OpenStreetMap contributors","source":"https://api.openstreetmap.org/api/0.6/map?bbox=77.21,28.59,77.235,28.619","retrieved":"2026-09-23","features":[{"type":"Feature","properties":{"osm_type":"way","osm_id":23134098,"name":"","kind":"road"},"geometry":{"type":"LineString","coordinates":[[77.2276011,28.6116806],[77.2276573,28.6128167],[77.2276662,28.6130207],[77.2276812,28.6132235],[77.2277545,28.6140639],[77.2279122,28.6145682],[77.2280679,28.6147853],[77.228379,28.6149753],[77.2290965,28.6153044],[77.2295382,28.6155069],[77.229595,28.6155332],[77.2296583,28.6155595],[77.2299055,28.6156701],[77.2307818,28.6160632]]}},{"type":"Feature","properties":{"osm_type":"way","osm_id":23134680,"name":"Pandara Road","kind":"road"},"geometry":{"type":"LineString","coordinates":[[77.2313754,28.6095354],[77.2310992,28.6093014],[77.2309666,28.6091099],[77.2309367,28.6090639],[77.2309165,28.6087461],[77.2309057,28.6083552],[77.2308889,28.6080654],[77.2308729,28.607781],[77.2308521,28.607418],[77.2308265,28.6068885],[77.2307984,28.6063066],[77.2307656,28.6059524],[77.2307421,28.6057108],[77.2307041,28.6052495],[77.2306844,28.6050046],[77.2306161,28.6040412],[77.2305733,28.6036241],[77.2305531,28.6033673],[77.2305494,28.6032601],[77.2305527,28.6031715],[77.2305794,28.6030842],[77.230581,28.6030632],[77.2305854,28.6030505],[77.2305883,28.6030341]]}},{"type":"Feature","properties":{"osm_type":"way","osm_id":24563336,"name":"Lodhi Road","kind":"road"},"geometry":{"type":"LineString","coordinates":[[77.2288648,28.5911081],[77.2287345,28.591091],[77.2284363,28.5910425],[77.2279242,28.5909602],[77.2263857,28.5907904],[77.2259494,28.5907448],[77.2245784,28.5905859],[77.2238299,28.5904984],[77.2237659,28.5904974]]}},{"type":"Feature","properties":{"osm_type":"way","osm_id":24563348,"name":"Lodhi Road","kind":"road"},"geometry":{"type":"LineString","coordinates":[[77.2292251,28.5912533],[77.2304523,28.5915553],[77.230995,28.5916813],[77.2312437,28.591739],[77.2322119,28.5919217],[77.2328011,28.5920117],[77.2330745,28.592048],[77.2332063,28.5920637],[77.2338744,28.5921382],[77.2343043,28.5921888],[77.2343863,28.5921985],[77.2345067,28.5922127],[77.2346127,28.5922252],[77.2351034,28.5922889],[77.2367363,28.5925012],[77.2376373,28.5926184],[77.2380998,28.5926538],[77.2388779,28.5926828],[77.2394789,28.5927687],[77.2397965,28.5927757]]}},{"type":"Feature","properties":{"osm_type":"way","osm_id":24563431,"name":"","kind":"road"},"geometry":{"type":"LineString","coordinates":[[77.2277545,28.6140639],[77.2277215,28.6143166],[77.2277089,28.6144759],[77.2276638,28.6146131],[77.2275938,28.6147479],[77.2273744,28.6149455]]}},{"type":"Feature","properties":{"osm_type":"way","osm_id":24563432,"name":"Ashoka Road","kind":"road"},"geometry":{"type":"LineString","coordinates":[[77.2273744,28.6149455],[77.2273569,28.6149555],[77.2256464,28.6159267],[77.225389,28.6161065],[77.2252987,28.6161335],[77.2252004,28.6161442]]}},{"type":"Feature","properties":{"osm_type":"way","osm_id":24563433,"name":"Copernicus Marg","kind":"road"},"geometry":{"type":"LineString","coordinates":[[77.2314044,28.6166748],[77.2314285,28.6165675],[77.2314593,28.6164733],[77.2314936,28.6164028],[77.2315586,28.6163014],[77.2317714,28.6160961]]}},{"type":"Feature","properties":{"osm_type":"way","osm_id":24563435,"name":"Akbar Road","kind":"road"},"geometry":{"type":"LineString","coordinates":[[77.2281653,28.6109165],[77.2278314,28.6109943],[77.2275907,28.6110134],[77.227527,28.6110066],[77.227277,28.6109799],[77.2270722,28.6109488],[77.2269325,28.6109275],[77.2251145,28.6101122],[77.2249129,28.6099506]]}},{"type":"Feature","properties":{"osm_type":"way","osm_id":24563436,"name":"Copernicus Marg","kind":"road"},"geometry":{"type":"LineString","coordinates":[[77.2312989,28.6166789],[77.2313035,28.6167299],[77.2313647,28.6176403],[77.2314147,28.6183704],[77.2314566,28.6189831],[77.2314967,28.6195692],[77.2315854,28.6208641],[77.2316058,28.6211612],[77.2316377,28.6216283],[77.2316395,28.6216543],[77.2316429,28.621701]]}},{"type":"Feature","properties":{"osm_type":"way","osm_id":24563437,"name":"Copernicus Marg","kind":"road"},"geometry":{"type":"LineString","coordinates":[[77.2307818,28.6160632],[77.2308631,28.6161066],[77.2309126,28.6161551],[77.2310745,28.6163137],[77.2310887,28.6163268],[77.2311348,28.6163697],[77.2311965,28.6164451],[77.2312501,28.616538],[77.2312989,28.6166789]]}},{"type":"Feature","properties":{"osm_type":"way","osm_id":24563446,"name":"Sher Shah Road","kind":"road"},"geometry":{"type":"LineString","coordinates":[[77.2344893,28.6113669],[77.2345222,28.6112277],[77.2346759,28.610991],[77.2347039,28.6109478],[77.2349343,28.6107363]]}},{"type":"Feature","properties":{"osm_type":"way","osm_id":24563447,"name":"Sher Shah Road","kind":"road"},"geometry":{"type":"LineString","coordinates":[[77.2348948,28.6106532],[77.2346772,28.6107286],[77.2345491,28.6107605],[77.2344324,28.6107681],[77.2340546,28.6107005]]}},{"type":"Feature","properties":{"osm_type":"way","osm_id":24563448,"name":"Man Singh Road","kind":"road"},"geometry":{"type":"LineString","coordinates":[[77.2245237,28.6101804],[77.2245697,28.6102444],[77.2245924,28.6103209],[77.2246478,28.6112672],[77.2246689,28.6117089],[77.2246717,28.6117657],[77.2247231,28.6125064],[77.2247597,28.6130628],[77.2247654,28.6131567],[77.2247634,28.6132298],[77.2248162,28.6141462],[77.22486,28.6148731]]}},{"type":"Feature","properties":{"osm_type":"way","osm_id":24563449,"name":"rotary no 4","kind":"road"},"geometry":{"type":"LineString","coordinates":[[77.2253337,28.6163935],[77.2253171,28.6162845],[77.225271,28.6162101],[77.2252283,28.6161616],[77.2252004,28.6161442],[77.2251607,28.6161195],[77.22503,28.6160961],[77.2249947,28.6160939],[77.2248886,28.6161047],[77.2248443,28.6161281],[77.2247907,28.6161563],[77.2247188,28.6162343],[77.2246817,28.6163292],[77.2246839,28.6164295],[77.2246954,28.6164611],[77.2246984,28.6164693],[77.2247068,28.6164923],[77.2247453,28.616549],[77.2248074,28.6166033],[77.2248836,28.6166413],[77.2249178,28.6166489],[77.2249686,28.6166602],[77.2250435,28.6166603],[77.2251165,28.6166453],[77.2252004,28.6166063],[77.2252448,28.6165679],[77.2252679,28.6165478],[77.2253137,28.6164749],[77.2253337,28.6163935]]}},{"type":"Feature","properties":{"osm_type":"way","osm_id":24577095,"name":"Ashoka Road","kind":"road"},"geometry":{"type":"LineString","coordinates":[[77.2246984,28.6164693],[77.2246675,28.6165349],[77.2246148,28.6165738],[77.2245405,28.6166103],[77.224349,28.6167113],[77.2239518,28.6169207],[77.2233027,28.6172704],[77.2231445,28.6173557],[77.2227556,28.6175827],[77.2227187,28.6176042],[77.2222403,28.6178894],[77.2219706,28.6180476],[77.2216794,28.6182056],[77.2212065,28.6184816],[77.2209369,28.618639],[77.2204219,28.6189432],[77.2201926,28.6190786],[77.2198219,28.6192996],[77.2197163,28.6193625],[77.2196175,28.6194158],[77.2195266,28.6194581],[77.2193871,28.6194816],[77.219283,28.6194977]]}},{"type":"Feature","properties":{"osm_type":"way","osm_id":24577097,"name":"Janpath","kind":"road"},"geometry":{"type":"LineString","coordinates":[[77.2186123,28.616797],[77.2186373,28.6168494],[77.2186583,28.6170319],[77.2186617,28.6170613],[77.2187232,28.6179498],[77.2187282,28.6180225],[77.2187363,28.6182543],[77.218738,28.6183027],[77.2187438,28.6183741],[77.218769,28.6186821],[77.2187917,28.6189609],[77.2187977,28.6190342],[77.2188073,28.6192086],[77.2187953,28.6192875],[77.2187442,28.6193463]]}},{"type":"Feature","properties":{"osm_type":"way","osm_id":24577101,"name":"Rotary Number 45","kind":"road"},"geometry":{"type":"LineString","coordinates":[[77.2119284,28.6170544],[77.211946,28.6171172],[77.2119771,28.6171759],[77.2120196,28.6172288],[77.2120722,28.6172742],[77.212143,28.6173177],[77.2121926,28.6173344]]}},{"type":"Feature","properties":{"osm_type":"way","osm_id":24577102,"name":"Red Cross Road","kind":"road"},"geometry":{"type":"LineString","coordinates":[[77.2119284,28.6170544],[77.211795,28.6172749],[77.2117073,28.6173291],[77.2115653,28.6174147],[77.2109052,28.6177922],[77.2107634,28.6178575],[77.210253,28.6181529],[77.2100958,28.618232],[77.2097749,28.618413],[77.2096072,28.6184582],[77.2094805,28.6184726]]}},{"type":"Feature","properties":{"osm_type":"way","osm_id":24577106,"name":"Raisina Road","kind":"road"},"geometry":{"type":"LineString","coordinates":[[77.2155939,28.6184247],[77.2167188,28.6189263],[77.2168453,28.6189826],[77.2169125,28.6190124],[77.2172449,28.61916],[77.2177815,28.6193983],[77.218,28.6194953]]}},{"type":"Feature","properties":{"osm_type":"way","osm_id":24577113,"name":"Jaswant Singh Road","kind":"road"},"geometry":{"type":"LineString","coordinates":[[77.225152,28.6187677],[77.2251446,28.6187419],[77.2251335,28.6185937],[77.2251271,28.6184645],[77.2251096,28.6182443],[77.2250922,28.6179441],[77.2250879,28.6178057],[77.2250851,28.6177134],[77.2250761,28.6174732],[77.225076,28.6174573],[77.2250741,28.6172446],[77.2250661,28.6168314],[77.2250679,28.6168035],[77.2250701,28.6167525],[77.2250859,28.6167085],[77.2251165,28.6166453]]}},{"type":"Feature","properties":{"osm_type":"way","osm_id":24577114,"name":"Jaswant Singh Road","kind":"road"},"geometry":{"type":"LineString","coordinates":[[77.2249178,28.6166489],[77.2249469,28.6166798],[77.2249858,28.6167222],[77.2250006,28.6167669],[77.2250077,28.6168044],[77.2250122,28.6168274],[77.2250167,28.6170399],[77.2250212,28.6172523],[77.2250302,28.6176772],[77.2250375,28.6178076],[77.2250441,28.6179261],[77.225073,28.6184459],[77.2250921,28.6185952],[77.2251052,28.6187458],[77.2251077,28.6187755]]}},{"type":"Feature","properties":{"osm_type":"way","osm_id":24577115,"name":"Jaswant Singh Road","kind":"road"},"geometry":{"type":"LineString","coordinates":[[77.2268763,28.6195595],[77.2267829,28.6195302],[77.2266787,28.6194894],[77.226412,28.6193419],[77.22605,28.6191706],[77.2252922,28.6188356],[77.2252353,28.618813],[77.2252111,28.6188037]]}},{"type":"Feature","properties":{"osm_type":"way","osm_id":24577131,"name":"Rafi Ahmed Kidwai Marg","kind":"road"},"geometry":{"type":"LineString","coordinates":[[77.2125041,28.6166677],[77.2124264,28.6165751],[77.2123959,28.6165044],[77.2123808,28.616431],[77.2123587,28.6162872]]}},{"type":"Feature","properties":{"osm_type":"way","osm_id":24577364,"name":"Humayun Road","kind":"road"},"geometry":{"type":"LineString","coordinates":[[77.2299215,28.601417],[77.2299747,28.6015323],[77.2300005,28.6016026],[77.2300018,28.6016582],[77.2299854,28.6017202],[77.2299505,28.6017983],[77.2298967,28.6018805]]}},{"type":"Feature","properties":{"osm_type":"way","osm_id":24577365,"name":"Humayun Road","kind":"road"},"geometry":{"type":"LineString","coordinates":[[77.2299629,28.6019451],[77.2301422,28.60189],[77.2301812,28.6018777],[77.2303678,28.6018191],[77.230487,28.6017817]]}},{"type":"Feature","properties":{"osm_type":"way","osm_id":24577367,"name":"Humayun Road","kind":"road"},"geometry":{"type":"LineString","coordinates":[[77.2253631,28.6041654],[77.2256163,28.604052],[77.2261229,28.6038085],[77.2263019,28.6037201],[77.2265243,28.6036133],[77.2267113,28.6035268],[77.2268182,28.6034687],[77.2270918,28.6033306],[77.2271826,28.6032807],[77.2275244,28.6030915],[77.2276595,28.6030172],[77.2279278,28.602884],[77.2280165,28.6028422],[77.2281963,28.6027686],[77.2283302,28.6027051],[77.228924,28.6024301],[77.2289998,28.6023897],[77.2291719,28.6022981]]}},{"type":"Feature","properties":{"osm_type":"way","osm_id":24577372,"name":"Pandara Road","kind":"road"},"geometry":{"type":"LineString","coordinates":[[77.2305044,28.6030093],[77.2304972,28.6030472],[77.2304799,28.6031369],[77.2304746,28.6031864],[77.2304747,28.6032795],[77.230485,28.6033843],[77.2305067,28.603626],[77.2306063,28.6049813],[77.2306356,28.6052508],[77.2306586,28.6054836],[77.2306902,28.6059693],[77.2307041,28.6062103],[77.2307371,28.6068735],[77.2307494,28.6070514],[77.230774,28.6077275],[77.2307944,28.6080682],[77.2308187,28.6085223],[77.230818,28.6088299],[77.2308304,28.6089633],[77.2307891,28.6090966],[77.230711,28.609216],[77.2303913,28.6095756]]}},{"type":"Feature","properties":{"osm_type":"way","osm_id":24577379,"name":"Rotary 13","kind":"road"},"geometry":{"type":"LineString","coordinates":[[77.2236113,28.6032696],[77.2235968,28.603338],[77.2236056,28.6034547],[77.2236301,28.6035906],[77.2236668,28.6036884],[77.2237037,28.6037509],[77.2237573,28.6038068],[77.2238175,28.6038523]]}},{"type":"Feature","properties":{"osm_type":"way","osm_id":24577381,"name":"Man Singh Road","kind":"road"},"geometry":{"type":"LineString","coordinates":[[77.2241239,28.604007],[77.2241518,28.6040692],[77.224184,28.6041352],[77.2242033,28.6042196],[77.2242104,28.6043118],[77.2242245,28.6046091],[77.2242305,28.6046969],[77.2242592,28.6051129],[77.2242627,28.6051693],[77.2242751,28.6053706],[77.2242908,28.6057294],[77.2243131,28.6060404],[77.2243467,28.6064309],[77.2243745,28.6068253],[77.2243885,28.6070286],[77.2244183,28.6074612],[77.2244229,28.6076647],[77.2244473,28.608058],[77.2244766,28.608266],[77.2244781,28.6082955],[77.2245271,28.6091455],[77.2245419,28.6094026],[77.2245421,28.6095162],[77.2245225,28.6095815],[77.2244897,28.6096378]]}},{"type":"Feature","properties":{"osm_type":"way","osm_id":24577383,"name":"Janpath","kind":"road"},"geometry":{"type":"LineString","coordinates":[[77.2179013,28.6077166],[77.2180449,28.6078465],[77.2181077,28.6079599],[77.218118,28.6080176],[77.2181273,28.6081718],[77.2181649,28.6088598],[77.218215,28.6099533],[77.2182176,28.6100106],[77.2182143,28.6100415],[77.2181677,28.6101225]]}},{"type":"Feature","properties":{"osm_type":"way","osm_id":24577384,"name":"Janpath","kind":"road"},"geometry":{"type":"LineString","coordinates":[[77.2183131,28.6100961],[77.2182941,28.6100696],[77.2182941,28.6100512],[77.2182947,28.6100253],[77.218292,28.6099735],[77.2182916,28.6099486],[77.2182902,28.6098548],[77.2182714,28.6094922],[77.2182365,28.6089718],[77.2182076,28.6085383],[77.2181901,28.6081674],[77.21816,28.6079563],[77.2182003,28.6078035],[77.2182401,28.6077328],[77.218301,28.6076902]]}},{"type":"Feature","properties":{"osm_type":"way","osm_id":24577385,"name":"Akbar Road","kind":"road"},"geometry":{"type":"LineString","coordinates":[[77.2243975,28.6096817],[77.2243169,28.6096792],[77.2242499,28.6096556],[77.224108,28.6095903],[77.2238552,28.6094849],[77.2224652,28.6089245],[77.221927,28.6086859],[77.2216832,28.608576],[77.2213617,28.6084353],[77.2209162,28.6082378],[77.2204235,28.6080194],[77.2198318,28.6077326],[77.2193631,28.6075238],[77.2191717,28.6074386],[77.2190961,28.6074104],[77.2190222,28.6073409],[77.218974,28.6072867],[77.2189358,28.6072353]]}},{"type":"Feature","properties":{"osm_type":"way","osm_id":24577389,"name":"Motilal Nehru Marg","kind":"road"},"geometry":{"type":"LineString","coordinates":[[77.2188187,28.6068003],[77.2189432,28.6065773],[77.219041,28.606482],[77.2191546,28.6064135],[77.2192811,28.6063371],[77.2198739,28.6059933],[77.2204119,28.6056871],[77.2210649,28.6053262],[77.2211491,28.6052752],[77.2214376,28.6051032],[77.2218732,28.6048557],[77.2226248,28.6044287],[77.2228404,28.6043002],[77.2234037,28.6039823],[77.2235323,28.6039177],[77.2236798,28.603867],[77.2238175,28.6038523]]}},{"type":"Feature","properties":{"osm_type":"way","osm_id":24577390,"name":"Motilal Nehru Marg","kind":"road"},"geometry":{"type":"LineString","coordinates":[[77.2236301,28.6035906],[77.2235929,28.6036875],[77.2235036,28.6038129],[77.2233553,28.6039153],[77.2225713,28.6043632],[77.2218304,28.6047958],[77.2215028,28.604987],[77.2211061,28.6052136],[77.221013,28.6052611],[77.2206322,28.6054847],[77.2204947,28.6055692],[77.2203749,28.6056372],[77.2191085,28.6063698],[77.2190048,28.6064357],[77.2189102,28.6064729],[77.2188119,28.6064844],[77.2186026,28.606481]]}},{"type":"Feature","properties":{"osm_type":"way","osm_id":24577391,"name":"Rotary Number 34","kind":"road"},"geometry":{"type":"LineString","coordinates":[[77.2122189,28.6102821],[77.2121728,28.6102458],[77.2121209,28.610216],[77.2120645,28.6101935],[77.2120049,28.6101787],[77.2119512,28.6101724],[77.2118971,28.6101724],[77.2118434,28.6101787],[77.2117912,28.6101911],[77.2117378,28.610211],[77.2116881,28.6102374],[77.2116432,28.6102697],[77.211604,28.6103072],[77.2115712,28.6103493]]}},{"type":"Feature","properties":{"osm_type":"way","osm_id":24577393,"name":"Motilal Nehru Marg","kind":"road"},"geometry":{"type":"LineString","coordinates":[[77.217024,28.6075882],[77.213805,28.6094688],[77.2133736,28.6097034],[77.212961,28.6099278],[77.2124425,28.6101994]]}},{"type":"Feature","properties":{"osm_type":"way","osm_id":24577395,"name":"Motilal Nehru Marg","kind":"road"},"geometry":{"type":"LineString","coordinates":[[77.2115846,28.6107333],[77.2114241,28.6108262],[77.2094455,28.6119703],[77.2090484,28.6121999]]}},{"type":"Feature","properties":{"osm_type":"way","osm_id":28121207,"name":"rotary no 11","kind":"road"},"geometry":{"type":"LineString","coordinates":[[77.2177694,28.6001942],[77.2176483,28.6001815],[77.2175277,28.600198],[77.2174168,28.6002424],[77.2173235,28.6003114],[77.2172712,28.6003738],[77.2172339,28.6004439],[77.2172102,28.6005394],[77.2172141,28.600637],[77.2172213,28.6006682],[77.2172585,28.6007553],[77.217318,28.6008323],[77.2173964,28.6008948],[77.2174794,28.6009358],[77.2175704,28.6009605]]}},{"type":"Feature","properties":{"osm_type":"way","osm_id":28121215,"name":"Doctor A.P.J. Abdul Kalam Marg","kind":"road"},"geometry":{"type":"LineString","coordinates":[[77.2173235,28.6003114],[77.2170586,28.600238]]}},{"type":"Feature","properties":{"osm_type":"way","osm_id":28121266,"name":"","kind":"road"},"geometry":{"type":"LineString","coordinates":[[77.2114016,28.603728],[77.2113402,28.6037522],[77.2112839,28.6037845],[77.2112341,28.6038243],[77.2112125,28.603848],[77.2111921,28.6038704],[77.2111463,28.6039483],[77.2111226,28.6040333],[77.2111196,28.6040918],[77.2111272,28.60415],[77.211145,28.6042064],[77.2111727,28.6042597],[77.2112095,28.6043084],[77.2112278,28.6043281]]}},{"type":"Feature","properties":{"osm_type":"way","osm_id":28121291,"name":"Akbar Road","kind":"road"},"geometry":{"type":"LineString","coordinates":[[77.2118069,28.6043708],[77.212084,28.6043967],[77.2122486,28.6044445],[77.2130479,28.6048048],[77.2139008,28.6051839],[77.214794,28.6055819],[77.2158186,28.6060552],[77.2168298,28.6064955],[77.2168844,28.6065176],[77.2170758,28.6066004],[77.2171329,28.606625],[77.2172053,28.606698],[77.2172174,28.6067533],[77.2172473,28.6068001]]}},{"type":"Feature","properties":{"osm_type":"way","osm_id":28121481,"name":"Rajesh Pilot Marg","kind":"road"},"geometry":{"type":"LineString","coordinates":[[77.2229658,28.5971124],[77.2226985,28.5970408],[77.2226541,28.5970334],[77.2223684,28.5970327],[77.2207927,28.5970856],[77.2207627,28.5970838],[77.2205901,28.5970737]]}},{"type":"Feature","properties":{"osm_type":"way","osm_id":28121614,"name":"Archbishop Makarios Marg","kind":"road"},"geometry":{"type":"LineString","coordinates":[[77.2323554,28.6018509],[77.2323568,28.6015043],[77.2323635,28.5999076],[77.2323545,28.5995944],[77.2323593,28.5969238],[77.2323317,28.59504],[77.2323371,28.5949513],[77.2323852,28.5948261],[77.2324585,28.5947394],[77.2330449,28.5940581],[77.234236,28.5926741],[77.2344185,28.5923631],[77.2344661,28.5922819],[77.2345067,28.5922127],[77.2345628,28.5921171]]}},{"type":"Feature","properties":{"osm_type":"way","osm_id":28616711,"name":"Akbar Road","kind":"road"},"geometry":{"type":"LineString","coordinates":[[77.2248036,28.6101203],[77.224995,28.6101606],[77.2250618,28.6101907],[77.2269368,28.6110348],[77.2270084,28.6110738],[77.2272568,28.6112089],[77.2273902,28.6113182],[77.2274798,28.6114556],[77.2276011,28.6116806]]}},{"type":"Feature","properties":{"osm_type":"way","osm_id":32905262,"name":"Tees January Road","kind":"road"},"geometry":{"type":"LineString","coordinates":[[77.2172213,28.6006682],[77.2171707,28.6007901],[77.2171018,28.6008642]]}},{"type":"Feature","properties":{"osm_type":"way","osm_id":37222895,"name":"Akbar Road","kind":"road"},"geometry":{"type":"LineString","coordinates":[[77.2112125,28.603848],[77.2111296,28.6038434],[77.2110516,28.6038329],[77.2109554,28.6037866],[77.2105627,28.6036218],[77.2098464,28.6032966],[77.2091775,28.6029738],[77.2086695,28.602765],[77.2082944,28.602604],[77.2076596,28.6023233],[77.2066681,28.601872],[77.2059328,28.6015425],[77.2056626,28.6014291],[77.205519,28.6013667],[77.2054701,28.6013049],[77.2054475,28.6012475]]}},{"type":"Feature","properties":{"osm_type":"way","osm_id":37222896,"name":"Akbar Road","kind":"road"},"geometry":{"type":"LineString","coordinates":[[77.2173762,28.6065751],[77.2172858,28.6065803],[77.2171838,28.6065756],[77.2171072,28.6065466],[77.2169193,28.6064611],[77.2161859,28.6061272],[77.2150672,28.6056083],[77.2140529,28.6051683],[77.2131076,28.6047304],[77.2123307,28.6044079],[77.212253,28.6043756],[77.2121359,28.6043173],[77.2120614,28.604258],[77.2120501,28.604249],[77.211983,28.6041596],[77.2119611,28.6041302]]}},{"type":"Feature","properties":{"osm_type":"way","osm_id":37222897,"name":"Tughlaq Road","kind":"road"},"geometry":{"type":"LineString","coordinates":[[77.2110539,28.5977849],[77.2111023,28.5980085],[77.2111602,28.5983862],[77.2111975,28.598958],[77.2112405,28.5996024],[77.2112716,28.6001326],[77.2112754,28.6001982],[77.2113183,28.6007634],[77.2113452,28.6012933],[77.2113505,28.6013941],[77.21138,28.6019574],[77.2114041,28.6021702],[77.2114578,28.6029817],[77.2114755,28.6034088],[77.2114828,28.6035802],[77.2114583,28.6036518],[77.2114016,28.603728]]}},{"type":"Feature","properties":{"osm_type":"way","osm_id":37222898,"name":"Tughlaq Road","kind":"road"},"geometry":{"type":"LineString","coordinates":[[77.2116804,28.6037265],[77.2116014,28.6036349],[77.2115796,28.6035644],[77.2115694,28.6034771],[77.2115499,28.6033562],[77.2115272,28.6031838],[77.2115119,28.6028426],[77.2114792,28.6023923],[77.2114778,28.6021666],[77.2114656,28.6019044],[77.2114635,28.6018382],[77.2114144,28.6013941],[77.2114094,28.6013449],[77.211375,28.6006616],[77.2113736,28.6004293],[77.2113427,28.600063],[77.2112953,28.5995574],[77.2112865,28.5995116],[77.2112575,28.5989546],[77.2112118,28.5983824],[77.2112017,28.598116],[77.2112045,28.597992]]}},{"type":"Feature","properties":{"osm_type":"way","osm_id":37222899,"name":"Tees January Road","kind":"road"},"geometry":{"type":"LineString","coordinates":[[77.2119617,28.604017],[77.2120576,28.6038696],[77.2122163,28.6037669],[77.212793,28.6034208],[77.2130243,28.6032992],[77.2135816,28.6029592],[77.2138417,28.602803],[77.2143165,28.6025188],[77.214565,28.6023922],[77.2146699,28.602337],[77.2153267,28.6019914],[77.2154162,28.6019443],[77.215958,28.6016146],[77.2160665,28.6015448],[77.2167546,28.6011412],[77.2169397,28.6010353],[77.217048,28.6009676],[77.2171167,28.6009246],[77.2172052,28.6008987],[77.2173179,28.6008916],[77.2173964,28.6008948]]}},{"type":"Feature","properties":{"osm_type":"way","osm_id":37222900,"name":"Doctor Avul Pakir Jainulabdeen Abdul Kalam Marg","kind":"road"},"geometry":{"type":"LineString","coordinates":[[77.2112686,28.5977689],[77.2113446,28.5977927],[77.2114716,28.5978391],[77.2115405,28.5978666]]}},{"type":"Feature","properties":{"osm_type":"way","osm_id":37222901,"name":"Tees January Road","kind":"road"},"geometry":{"type":"LineString","coordinates":[[77.2171018,28.6008642],[77.2170018,28.6009173],[77.2168741,28.6009851],[77.2161335,28.601413],[77.2160092,28.6014791],[77.2152029,28.6019712],[77.214987,28.6020778],[77.2145152,28.6023277],[77.2143459,28.6024285],[77.214021,28.6026209],[77.2138042,28.6027543],[77.2132934,28.6030562],[77.2129701,28.6032464],[77.2125657,28.6034716],[77.2121837,28.6037071],[77.2120849,28.6037669],[77.2119825,28.6037989],[77.2118693,28.6038405]]}},{"type":"Feature","properties":{"osm_type":"way","osm_id":37222902,"name":"Janpath","kind":"road"},"geometry":{"type":"LineString","coordinates":[[77.2175704,28.6009605],[77.2176202,28.6010172],[77.2176621,28.6011013],[77.2176939,28.6011716],[77.2176961,28.6011811],[77.2176995,28.6012539],[77.2177032,28.6014045],[77.2177224,28.60178],[77.2177474,28.602209],[77.2177955,28.602972],[77.2178382,28.603534],[77.2178398,28.6035742],[77.217843,28.6036523],[77.2178474,28.6037621],[77.2178915,28.6043915],[77.217931,28.605224],[77.2179373,28.6053798],[77.2179507,28.6059596],[77.2179367,28.6060471],[77.2178978,28.6061519],[77.2178314,28.6062271]]}},{"type":"Feature","properties":{"osm_type":"way","osm_id":37222903,"name":"Doctor A.P.J. Abdul Kalam Marg","kind":"road"},"geometry":{"type":"LineString","coordinates":[[77.2179443,28.6008756],[77.2180233,28.6008681],[77.218195,28.6008622],[77.2183449,28.6008888],[77.2186321,28.6010262],[77.2191478,28.6012723],[77.2193415,28.6013485],[77.2194511,28.6014036],[77.2194865,28.6014171],[77.2199311,28.6016226],[77.220029,28.6016632],[77.2201213,28.6017012],[77.2206587,28.6019355],[77.2207659,28.6019802],[77.2210114,28.602088],[77.2212791,28.6022096],[77.2223253,28.6026903],[77.2229391,28.6029688],[77.2231785,28.6030582],[77.2234228,28.6031681],[77.223556,28.6032703],[77.2235968,28.603338]]}},{"type":"Feature","properties":{"osm_type":"way","osm_id":37222906,"name":"Doctor A.P.J. Abdul Kalam Marg","kind":"road"},"geometry":{"type":"LineString","coordinates":[[77.2107896,28.5974426],[77.2106928,28.597411],[77.2096639,28.596949],[77.2093412,28.5968042],[77.2089191,28.5966147],[77.2082782,28.5963269],[77.2080182,28.5962102]]}},{"type":"Feature","properties":{"osm_type":"way","osm_id":37222911,"name":"Tughlaq Road","kind":"road"},"geometry":{"type":"LineString","coordinates":[[77.2112045,28.597992],[77.2112099,28.597795]]}},{"type":"Feature","properties":{"osm_type":"way","osm_id":37222913,"name":"Aurobindo Marg","kind":"road"},"geometry":{"type":"LineString","coordinates":[[77.2128325,28.5895147],[77.2128135,28.5896831],[77.2127113,28.5911822],[77.2126963,28.5914419],[77.212684,28.5915512]]}},{"type":"Feature","properties":{"osm_type":"way","osm_id":37222915,"name":"rotary no 10","kind":"road"},"geometry":{"type":"LineString","coordinates":[[77.2110299,28.5974679],[77.2110047,28.5974854],[77.2109828,28.597506],[77.2109647,28.5975294],[77.210951,28.5975549],[77.2109419,28.597582],[77.2109376,28.59761],[77.2109383,28.5976382],[77.2109466,28.5976746],[77.2109632,28.5977089],[77.2109874,28.5977395],[77.211018,28.5977651],[77.2110539,28.5977849]]}},{"type":"Feature","properties":{"osm_type":"way","osm_id":37222917,"name":"Rajesh Pilot Marg","kind":"road"},"geometry":{"type":"LineString","coordinates":[[77.2190133,28.5981597],[77.2189547,28.5982554],[77.2188853,28.5983689]]}},{"type":"Feature","properties":{"osm_type":"way","osm_id":37222918,"name":"Doctor A.P.J. Abdul Kalam Marg","kind":"road"},"geometry":{"type":"LineString","coordinates":[[77.2236446,28.6032453],[77.223505,28.6031455],[77.2233488,28.6030693],[77.2233119,28.6030513],[77.223206,28.6029997],[77.2229444,28.6028723],[77.2221451,28.6025167],[77.2215443,28.6022483],[77.220798,28.6019254],[77.2206753,28.6018644],[77.2201582,28.6016363],[77.2199681,28.6015525],[77.2194881,28.6013386],[77.2190982,28.6011627],[77.2186697,28.600957],[77.2183758,28.600825],[77.2183694,28.6008216],[77.2182055,28.6007398],[77.2180952,28.6006526]]}},{"type":"Feature","properties":{"osm_type":"way","osm_id":37222919,"name":"Janpath","kind":"road"},"geometry":{"type":"LineString","coordinates":[[77.2181424,28.6062102],[77.2180874,28.6061407],[77.2180431,28.6060559],[77.2180089,28.6059599],[77.2180081,28.6057789],[77.2180061,28.6052204],[77.2179416,28.6043885],[77.2178925,28.60376],[77.2178903,28.6036496],[77.2178542,28.6029659],[77.2178039,28.6022071],[77.2177861,28.6020724],[77.2177754,28.6017887],[77.2177539,28.6014307],[77.2177459,28.6012859],[77.2177462,28.6011811],[77.2177477,28.6011708],[77.217776,28.6010494],[77.2178379,28.600934]]}},{"type":"Feature","properties":{"osm_type":"way","osm_id":37222923,"name":"Krishna Menon Marg","kind":"road"},"geometry":{"type":"LineString","coordinates":[[77.2091333,28.608342],[77.2094532,28.6078147],[77.2097729,28.6073056],[77.2101135,28.6066745],[77.2103029,28.6063485],[77.2105266,28.6059633],[77.2107799,28.6054901],[77.2108128,28.6054324],[77.2108449,28.6053697],[77.2108946,28.6052802],[77.2111398,28.6048393],[77.2111529,28.6048072]]}},{"type":"Feature","properties":{"osm_type":"way","osm_id":37222924,"name":"Akbar Road","kind":"road"},"geometry":{"type":"LineString","coordinates":[[77.2053465,28.6014404],[77.2054024,28.6014346],[77.2054882,28.6014346],[77.2055579,28.6014605],[77.2056228,28.601489],[77.2059442,28.6016301],[77.2064699,28.6018585],[77.2066066,28.6019199],[77.207068,28.602127],[77.2076983,28.6024048],[77.2082965,28.6026662],[77.2089348,28.6029488],[77.2093264,28.6031254],[77.2097804,28.6033395],[77.210451,28.6036409],[77.210904,28.60384],[77.2109167,28.6038485],[77.2109828,28.603893],[77.2110562,28.6039508],[77.2111226,28.6040333]]}},{"type":"Feature","properties":{"osm_type":"way","osm_id":43540281,"name":"Sher Shah Road","kind":"road"},"geometry":{"type":"LineString","coordinates":[[77.2349343,28.6107363],[77.2350477,28.6106649],[77.2353237,28.6105112],[77.2357568,28.6102827],[77.2368885,28.6097411],[77.2371263,28.6096273],[77.2375757,28.6095162],[77.2377825,28.609478],[77.238177,28.609405],[77.2386612,28.6093611],[77.2387028,28.6093573],[77.2387846,28.6093499],[77.2393713,28.609342]]}},{"type":"Feature","properties":{"osm_type":"way","osm_id":44186065,"name":"","kind":"park"},"geometry":{"type":"LineString","coordinates":[[77.211908,28.6136411],[77.2118805,28.6131745],[77.2119878,28.6131698],[77.2119843,28.6128453],[77.2118218,28.6127076],[77.2117804,28.6121613],[77.2096199,28.612257],[77.2095077,28.6120365],[77.2092777,28.6121602],[77.2093024,28.6122893],[77.209294,28.612404],[77.2092049,28.6125203],[77.2092587,28.6135458],[77.2093468,28.6136032],[77.2094144,28.613668],[77.2094939,28.6137702],[77.2102797,28.6136655],[77.2102681,28.6136233],[77.2103311,28.6136131],[77.2103576,28.6137092],[77.211908,28.6136411]]}},{"type":"Feature","properties":{"osm_type":"way","osm_id":44257669,"name":"Doctor Rajendra Prasad Road","kind":"road"},"geometry":{"type":"LineString","coordinates":[[77.2225699,28.6164433],[77.2204758,28.6165347],[77.219062,28.6166244],[77.2189385,28.6166322],[77.2188861,28.6166186],[77.2188051,28.6166036]]}},{"type":"Feature","properties":{"osm_type":"way","osm_id":44352050,"name":"Sunehri Bagh Road","kind":"road"},"geometry":{"type":"LineString","coordinates":[[77.2107799,28.6054901],[77.2113013,28.605745],[77.2116821,28.6059311],[77.2119792,28.6061148],[77.2120841,28.6061976],[77.212109,28.6063264],[77.2121495,28.6067998],[77.2121444,28.6071978],[77.2121032,28.607398],[77.2119713,28.6077227],[77.2119397,28.6078424],[77.2119035,28.6079798],[77.2118519,28.6084011],[77.2118324,28.6087183],[77.211825,28.6092043],[77.2118365,28.6095815],[77.2118498,28.6100156],[77.2118336,28.6101111],[77.2117912,28.6101911]]}},{"type":"Feature","properties":{"osm_type":"way","osm_id":44831985,"name":"Doctor Zakir Hussain Marg","kind":"road"},"geometry":{"type":"LineString","coordinates":[[77.232948,28.6102259],[77.2328476,28.6100881],[77.2328449,28.6100848],[77.2328114,28.6100111],[77.232817,28.6099596],[77.2336525,28.6085317],[77.2347676,28.6065582],[77.2349685,28.6061942],[77.2354201,28.6054216],[77.2356376,28.6050251],[77.2357016,28.6049117]]}},{"type":"Feature","properties":{"osm_type":"way","osm_id":58719250,"name":"India Gate Park","kind":"park"},"geometry":{"type":"LineString","coordinates":[[77.2278411,28.6128891],[77.2278805,28.612919],[77.228888,28.6128785],[77.2289565,28.6128181],[77.2290095,28.6127577],[77.2291778,28.6126884],[77.2293581,28.6126528],[77.2295906,28.612642],[77.2297263,28.6126488],[77.2299134,28.6126854],[77.2299856,28.6127289],[77.2300239,28.6127657],[77.2301171,28.6128108],[77.2302633,28.6128084],[77.2303817,28.612787],[77.2304596,28.6127028],[77.2305737,28.6124442],[77.2304888,28.612277],[77.2292476,28.6106656],[77.2291432,28.6106053],[77.2289935,28.6106309],[77.2281779,28.6111101],[77.2280137,28.6112329],[77.2278896,28.6113758],[77.2278194,28.6115218],[77.2278035,28.611654],[77.2278411,28.6128891]]}},{"type":"Feature","properties":{"osm_type":"way","osm_id":77349485,"name":"Doctor Zakir Hussain Marg","kind":"road"},"geometry":{"type":"LineString","coordinates":[[77.2356102,28.6048649],[77.2355447,28.6049834],[77.2354262,28.6051983],[77.2349701,28.606008],[77.2341299,28.6074994],[77.2334944,28.6085875],[77.2327403,28.6099259],[77.2326471,28.6099587],[77.2324243,28.6099722]]}},{"type":"Feature","properties":{"osm_type":"way","osm_id":77355791,"name":"Archbishop Makarios Marg","kind":"road"},"geometry":{"type":"LineString","coordinates":[[77.234236,28.5926741],[77.2343934,28.5924722],[77.234507,28.5923773],[77.2346318,28.5923348],[77.2348833,28.5923119],[77.2351034,28.5922889]]}},{"type":"Feature","properties":{"osm_type":"way","osm_id":77355793,"name":"Archbishop Makarios Marg","kind":"road"},"geometry":{"type":"LineString","coordinates":[[77.2338744,28.5921382],[77.2340245,28.5922007],[77.2341065,28.5922808],[77.2341586,28.5923888],[77.234181,28.5924935],[77.2341316,28.5926965]]}},{"type":"Feature","properties":{"osm_type":"way","osm_id":77355795,"name":"Archbishop Makarios Marg","kind":"road"},"geometry":{"type":"LineString","coordinates":[[77.2321583,28.6021062],[77.2320629,28.6022348],[77.2320134,28.6022896],[77.2319719,28.6023202],[77.2319143,28.6023542],[77.2318615,28.6023713],[77.2318279,28.6023782],[77.2317992,28.6023797],[77.2317541,28.6023784],[77.2315951,28.602349]]}},{"type":"Feature","properties":{"osm_type":"way","osm_id":77355810,"name":"Archbishop Makarios Marg","kind":"road"},"geometry":{"type":"LineString","coordinates":[[77.2344321,28.5921005],[77.2343863,28.5921985],[77.2343271,28.5923249],[77.2341783,28.5926427],[77.2341316,28.5926965],[77.2338166,28.5930578],[77.233321,28.5936262],[77.2329789,28.5940184],[77.2323134,28.5947768],[77.2322161,28.5948845],[77.2321728,28.5949512],[77.2321552,28.5950383],[77.2321444,28.5951918],[77.2321664,28.5962023],[77.2321602,28.5969335],[77.2321609,28.5970433],[77.232163,28.5973659],[77.2321695,28.5994308],[77.23217,28.5995965],[77.2321761,28.600268],[77.2321852,28.6012617],[77.2321874,28.601505],[77.2321903,28.6018961],[77.2321583,28.6021062],[77.2321318,28.6022626],[77.2320228,28.6024401],[77.2319418,28.6025521]]}},{"type":"Feature","properties":{"osm_type":"way","osm_id":80442502,"name":"Lodhi Gardens","kind":"park"},"geometry":{"type":"LineString","coordinates":[[77.215817,28.5898991],[77.2158022,28.5907767],[77.2189045,28.5940261],[77.218288,28.5945304],[77.2203656,28.5968837],[77.2207108,28.5969635],[77.2226822,28.5969502],[77.2228902,28.5970376],[77.2230581,28.5970621],[77.2231746,28.5969883],[77.2233226,28.5944842],[77.2210315,28.5932124],[77.2210621,28.5929219],[77.2211637,28.591957],[77.2212843,28.5904652],[77.2206348,28.590398],[77.2200937,28.5903419],[77.2196302,28.5902939],[77.2187421,28.590202],[77.215817,28.5898991]]}},{"type":"Feature","properties":{"osm_type":"way","osm_id":80499762,"name":"Tilak Marg","kind":"road"},"geometry":{"type":"LineString","coordinates":[[77.2326282,28.6155495],[77.232715,28.6155416],[77.2328394,28.6155304],[77.2330518,28.6155603],[77.2331622,28.61562],[77.2340937,28.6169016],[77.235234,28.6184705],[77.2364077,28.6200853],[77.2366417,28.6204073],[77.2368215,28.6206546],[77.2369113,28.6207782],[77.2369804,28.6208708],[77.2370891,28.6210182],[77.237324,28.6213227],[77.2376119,28.6216612],[77.237942,28.6221024],[77.2381845,28.6224266],[77.2385242,28.6228807],[77.2386108,28.6229964],[77.2391441,28.6237094],[77.2392527,28.6238546],[77.2399794,28.6248259],[77.2399945,28.6248519],[77.2401017,28.6249908],[77.2401647,28.6250726]]}},{"type":"Feature","properties":{"osm_type":"way","osm_id":80950088,"name":"Safdarjung's Tomb","kind":"park"},"geometry":{"type":"LineString","coordinates":[[77.21252,28.5878946],[77.2126892,28.5893059],[77.2126217,28.5907537],[77.2125843,28.5911378],[77.2124583,28.591326],[77.2122815,28.5914351],[77.2120078,28.5914266],[77.2119999,28.5912541],[77.2115332,28.5912329],[77.2115225,28.5914059],[77.209439,28.5913008],[77.2089117,28.5912759],[77.2090634,28.5877166],[77.21252,28.5878946]]}},{"type":"Feature","properties":{"osm_type":"way","osm_id":80958874,"name":"Maharishi Raman Marg","kind":"road"},"geometry":{"type":"LineString","coordinates":[[77.2284493,28.600051],[77.2284558,28.5999363],[77.2285216,28.5987842],[77.2285601,28.5981674],[77.2285642,28.5981015],[77.2285716,28.5979941],[77.2286189,28.597297],[77.2286251,28.5972058],[77.2286318,28.597084],[77.2286716,28.5963668],[77.2286804,28.5962079],[77.228723,28.5954376],[77.2287493,28.5949299],[77.2287728,28.594519],[77.2288163,28.5936395],[77.2288369,28.5932422],[77.2288458,28.5927514],[77.2288856,28.5916608],[77.2289034,28.5915905]]}},{"type":"Feature","properties":{"osm_type":"way","osm_id":116046168,"name":"Kasturba Gandhi Marg","kind":"road"},"geometry":{"type":"LineString","coordinates":[[77.2295382,28.6155069],[77.228805,28.6167519],[77.2282029,28.6177744],[77.2278171,28.6184296],[77.2274594,28.6190176],[77.2274182,28.6190854],[77.2272244,28.6194337]]}},{"type":"Feature","properties":{"osm_type":"way","osm_id":116046169,"name":"Kasturba Gandhi Marg","kind":"road"},"geometry":{"type":"LineString","coordinates":[[77.2274453,28.6195511],[77.2274221,28.6194319],[77.2276189,28.6190978],[77.2282515,28.6180239],[77.2285039,28.6175624],[77.228543,28.6174949],[77.2289282,28.6168262],[77.2296583,28.6155595]]}},{"type":"Feature","properties":{"osm_type":"way","osm_id":150409381,"name":"","kind":"road"},"geometry":{"type":"LineString","coordinates":[[77.2274529,28.6149941],[77.2277994,28.6148792],[77.2281295,28.6149186],[77.228379,28.6149753]]}},{"type":"Feature","properties":{"osm_type":"way","osm_id":169222358,"name":"","kind":"road"},"geometry":{"type":"LineString","coordinates":[[77.2332063,28.5920637],[77.23322,28.5919524],[77.233344,28.5908291],[77.2333916,28.5904561],[77.2334185,28.5901785],[77.2335642,28.5888997],[77.2335722,28.5888023],[77.2335873,28.588327],[77.2336201,28.5880757],[77.2336816,28.5877939],[77.2336955,28.5877303],[77.233829,28.5872891]]}},{"type":"Feature","properties":{"osm_type":"way","osm_id":169222364,"name":"","kind":"road"},"geometry":{"type":"LineString","coordinates":[[77.2318987,28.5848209],[77.2321596,28.5847717],[77.2322557,28.5847572],[77.2323587,28.5847619],[77.2324956,28.5847809],[77.2329478,28.5848609],[77.2334038,28.585021],[77.2336612,28.5851624],[77.2337471,28.585266],[77.2338115,28.5853838],[77.2338544,28.5855628],[77.2338866,28.5857653],[77.2338651,28.5860856],[77.2337967,28.5867064],[77.2337707,28.5868628],[77.2337452,28.5869801],[77.2337299,28.5870603],[77.2337149,28.587209],[77.2336963,28.5873928],[77.2334954,28.5882328],[77.2334885,28.5884231],[77.2334885,28.5886122],[77.2334763,28.588783],[77.2334538,28.5889669],[77.2334439,28.5891175],[77.2333886,28.5896187],[77.2333275,28.5901719],[77.2332563,28.5908046],[77.2331806,28.5913736],[77.2330925,28.5919332],[77.2330745,28.592048]]}},{"type":"Feature","properties":{"osm_type":"way","osm_id":176492654,"name":"Maharishi Raman Marg","kind":"road"},"geometry":{"type":"LineString","coordinates":[[77.2288648,28.5911081],[77.2288449,28.5912021],[77.2288229,28.5913371],[77.2288082,28.5915911],[77.2287956,28.5919137],[77.2287513,28.5927415],[77.228744,28.5936319],[77.2286918,28.594511],[77.2286432,28.5954486],[77.2285969,28.5962034],[77.2285915,28.5962916],[77.2285882,28.5963647],[77.2285555,28.5970795],[77.2285491,28.597198],[77.2285454,28.597266],[77.228544,28.5972913],[77.228506,28.597993],[77.2284999,28.5980986],[77.2284966,28.5981661],[77.2284277,28.5994464],[77.2283753,28.600156],[77.228367,28.6002687],[77.228348,28.6003178],[77.2283189,28.6003728]]}},{"type":"Feature","properties":{"osm_type":"way","osm_id":176492658,"name":"Tughlaq Road","kind":"road"},"geometry":{"type":"LineString","coordinates":[[77.2113849,28.5968754],[77.2114596,28.5965576],[77.2115754,28.5961702],[77.211614,28.5960275],[77.2117682,28.5955031],[77.2118157,28.5953419],[77.2118791,28.5951463],[77.2120578,28.5945623],[77.2120664,28.5945318],[77.2122764,28.5937847],[77.212402,28.5933614],[77.2124523,28.5931829],[77.2125518,28.5928297],[77.2125958,28.5926399],[77.2126373,28.5924901],[77.2126686,28.5923806],[77.2127274,28.5921749]]}},{"type":"Feature","properties":{"osm_type":"way","osm_id":267446576,"name":"Raisina Road","kind":"road"},"geometry":{"type":"LineString","coordinates":[[77.2092243,28.6156219],[77.2101131,28.6160086],[77.2116304,28.6166686],[77.2117884,28.6167373],[77.2118903,28.6167817],[77.2119747,28.6168184]]}},{"type":"Feature","properties":{"osm_type":"way","osm_id":275449086,"name":"Max Mueller Marg","kind":"road"},"geometry":{"type":"LineString","coordinates":[[77.2232724,28.5974019],[77.2233193,28.597319]]}},{"type":"Feature","properties":{"osm_type":"way","osm_id":287653320,"name":"Fourth Avenue Road","kind":"road"},"geometry":{"type":"LineString","coordinates":[[77.2237659,28.5904974],[77.2237671,28.5903099],[77.2237737,28.590147],[77.2238325,28.5897201]]}},{"type":"Feature","properties":{"osm_type":"way","osm_id":296963058,"name":"Shahjahan Road","kind":"road"},"geometry":{"type":"LineString","coordinates":[[77.2243588,28.6039568],[77.2244332,28.603992],[77.2244815,28.6040212],[77.224527,28.6040648],[77.2247678,28.6043831],[77.2248707,28.6045158],[77.2258379,28.6056938],[77.2260437,28.6059717],[77.2268359,28.6070346],[77.2271879,28.6075068],[77.2275084,28.6079368],[77.2277073,28.608202],[77.2283352,28.6090427],[77.228744,28.6096529],[77.2289206,28.6099164],[77.2289605,28.6099832],[77.2289553,28.6102462],[77.2288596,28.6104817]]}},{"type":"Feature","properties":{"osm_type":"way","osm_id":296963059,"name":"Shahjahan Road","kind":"road"},"geometry":{"type":"LineString","coordinates":[[77.2296495,28.6100182],[77.2293791,28.6100507],[77.2292105,28.6100324],[77.2290494,28.6099486],[77.2290162,28.609904],[77.2281535,28.608671],[77.2278345,28.608215],[77.2277844,28.6081481],[77.2269798,28.6070749],[77.2263242,28.6062014],[77.2250169,28.6044992]]}},{"type":"Feature","properties":{"osm_type":"way","osm_id":296963061,"name":"","kind":"road"},"geometry":{"type":"LineString","coordinates":[[77.2131177,28.591881],[77.2130102,28.59162],[77.2129624,28.5914669],[77.2128513,28.5911581]]}},{"type":"Feature","properties":{"osm_type":"way","osm_id":311742565,"name":"Rajesh Pilot Marg","kind":"road"},"geometry":{"type":"LineString","coordinates":[[77.2179421,28.6002719],[77.217986,28.6000722],[77.2180458,28.5999604],[77.2181605,28.5997656],[77.2184948,28.5992019],[77.2187391,28.5987672],[77.2188865,28.5985091],[77.2189864,28.5983617],[77.2190333,28.5982908],[77.2190757,28.5982267],[77.2191332,28.5981444]]}},{"type":"Feature","properties":{"osm_type":"way","osm_id":311784300,"name":"Rotary 14","kind":"road"},"geometry":{"type":"LineString","coordinates":[[77.2205901,28.5970737],[77.2205788,28.5970532],[77.220564,28.5970344],[77.2205462,28.5970178],[77.2205256,28.5970039],[77.2205029,28.5969928],[77.2204785,28.596985],[77.220453,28.5969806],[77.220427,28.5969796],[77.2204012,28.5969821],[77.2203761,28.5969881],[77.2203524,28.5969974],[77.2203306,28.5970098]]}},{"type":"Feature","properties":{"osm_type":"way","osm_id":359561724,"name":"","kind":"park"},"geometry":{"type":"LineString","coordinates":[[77.2177785,28.6002668],[77.2176527,28.6002517],[77.2175284,28.6002746],[77.21742,28.6003328],[77.2173402,28.6004195],[77.2172983,28.6005248],[77.217299,28.6006363],[77.2173379,28.6007339],[77.2174095,28.6008161],[77.2175068,28.6008745],[77.2176199,28.6009033],[77.2177377,28.6008996],[77.2178483,28.6008639],[77.2179406,28.6007996],[77.2180055,28.6007132],[77.2180363,28.6006134],[77.2180281,28.6005021],[77.2179778,28.6003997],[77.2178912,28.6003181],[77.2177785,28.6002668]]}},{"type":"Feature","properties":{"osm_type":"way","osm_id":359562295,"name":"","kind":"road"},"geometry":{"type":"LineString","coordinates":[[77.2188865,28.5985091],[77.2189305,28.5984544],[77.2189771,28.5984184],[77.2190185,28.5983976],[77.2190825,28.5983904],[77.2191455,28.5983948],[77.2192067,28.5984107],[77.2192776,28.5984326]]}},{"type":"Feature","properties":{"osm_type":"way","osm_id":359562296,"name":"","kind":"road"},"geometry":{"type":"LineString","coordinates":[[77.2193226,28.5978963],[77.2192599,28.5979306],[77.2192163,28.5979489],[77.2191478,28.5979489],[77.2190748,28.5979385],[77.2190147,28.5979221],[77.2189531,28.5978959],[77.2188966,28.597862],[77.2188587,28.5978434]]}},{"type":"Feature","properties":{"osm_type":"way","osm_id":359757123,"name":"Kartavya Path","kind":"road"},"geometry":{"type":"LineString","coordinates":[[77.2122049,28.6137551],[77.2184671,28.6134521]]}},{"type":"Feature","properties":{"osm_type":"way","osm_id":370533540,"name":"","kind":"road"},"geometry":{"type":"LineString","coordinates":[[77.2127113,28.5911822],[77.2126511,28.5913088],[77.2126128,28.5913671],[77.2125712,28.5914071],[77.2125095,28.591446],[77.2124273,28.5914762],[77.2123486,28.5914955],[77.2122456,28.5915254]]}},{"type":"Feature","properties":{"osm_type":"way","osm_id":370533546,"name":"","kind":"road"},"geometry":{"type":"LineString","coordinates":[[77.212175,28.5916319],[77.2123633,28.5917189],[77.2124478,28.5917734],[77.2124776,28.5918013],[77.2124975,28.5918199],[77.212531,28.5918702],[77.2125497,28.5918982],[77.2125837,28.5919776],[77.2126122,28.5921688]]}},{"type":"Feature","properties":{"osm_type":"way","osm_id":370533549,"name":"","kind":"road"},"geometry":{"type":"LineString","coordinates":[[77.2127274,28.5921749],[77.2127403,28.5921571],[77.2128369,28.5920876],[77.2129233,28.5920459],[77.2129896,28.5920372],[77.2130452,28.5920459],[77.2131079,28.5920697],[77.213246,28.5921443]]}},{"type":"Feature","properties":{"osm_type":"way","osm_id":370543238,"name":"","kind":"road"},"geometry":{"type":"LineString","coordinates":[[77.2128036,28.5917333],[77.2128075,28.5916022]]}},{"type":"Feature","properties":{"osm_type":"way","osm_id":370543239,"name":"Tughlaq Road","kind":"road"},"geometry":{"type":"LineString","coordinates":[[77.2126739,28.59167],[77.2126548,28.5918647],[77.212637,28.592046],[77.2126122,28.5921688],[77.2125745,28.5924267],[77.2124846,28.5928183],[77.2122561,28.5936097],[77.2122171,28.5937695],[77.2119075,28.5948484],[77.2117538,28.5953306],[77.211499,28.5961605],[77.2113899,28.5965526],[77.2113047,28.5968538]]}},{"type":"Feature","properties":{"osm_type":"way","osm_id":370741566,"name":"","kind":"park"},"geometry":{"type":"LineString","coordinates":[[77.2095042,28.6139694],[77.2094756,28.6140498],[77.2094152,28.6141523],[77.2093114,28.6142097],[77.2094051,28.6152117],[77.2095268,28.6153052],[77.2095623,28.6155099],[77.2095217,28.6156345],[77.2097245,28.6157191],[77.2097955,28.6154788],[77.2120939,28.6153708],[77.2120907,28.6152796],[77.2119563,28.6151124],[77.2119619,28.614842],[77.2120601,28.6146345],[77.212046,28.6142178],[77.2119422,28.6142235],[77.2119217,28.6138751],[77.2103824,28.6139434],[77.2103742,28.6140365],[77.2103062,28.6140351],[77.2103062,28.6140002],[77.2095042,28.6139694]]}},{"type":"Feature","properties":{"osm_type":"way","osm_id":370753102,"name":"Tughlaq Road","kind":"road"},"geometry":{"type":"LineString","coordinates":[[77.2127274,28.5921749],[77.2127784,28.5918793],[77.2128036,28.5917333]]}},{"type":"Feature","properties":{"osm_type":"way","osm_id":370902434,"name":"","kind":"park"},"geometry":{"type":"LineString","coordinates":[[77.2292414,28.6067116],[77.229546,28.6073855],[77.2296759,28.607357],[77.2295988,28.6066296],[77.2292414,28.6067116]]}},{"type":"Feature","properties":{"osm_type":"way","osm_id":370903615,"name":"","kind":"park"},"geometry":{"type":"LineString","coordinates":[[77.2237087,28.6032607],[77.2236689,28.6033306],[77.2236566,28.6034166],[77.2237332,28.6036962],[77.2238128,28.6037904],[77.2240333,28.603906],[77.2241926,28.6039167],[77.2242875,28.6038764],[77.2243243,28.603828],[77.2243273,28.6037635],[77.2238863,28.6032445],[77.2238128,28.6032203],[77.2237546,28.6032257],[77.2237087,28.6032607]]}},{"type":"Feature","properties":{"osm_type":"way","osm_id":370908547,"name":"","kind":"park"},"geometry":{"type":"LineString","coordinates":[[77.2175413,28.6065401],[77.2172924,28.606997],[77.2172667,28.6070907],[77.2172745,28.6071794],[77.2172904,28.6072518],[77.2173254,28.607329],[77.217372,28.6074009],[77.2174314,28.6074667],[77.217509,28.6075259],[77.2175843,28.6075739],[77.2176778,28.607608],[77.2177921,28.6076234],[77.2183514,28.6076009],[77.218449,28.6075815],[77.218585,28.6075243],[77.2187576,28.607417],[77.2188553,28.6072534],[77.2188634,28.607042],[77.2187868,28.6068656],[77.2185971,28.6065923],[77.2184473,28.6064461],[77.2182622,28.6063151],[77.2180489,28.6062762],[77.217846,28.606303],[77.2177258,28.6063715],[77.2176531,28.6064238],[77.2175413,28.6065401]]}},{"type":"Feature","properties":{"osm_type":"way","osm_id":370947966,"name":"Pandara Road Colony Park","kind":"park"},"geometry":{"type":"LineString","coordinates":[[77.2289748,28.6052351],[77.2288279,28.6049673],[77.2285981,28.6044476],[77.229076,28.6043457],[77.2291273,28.6047911],[77.2291808,28.6052011],[77.2289748,28.6052351]]}},{"type":"Feature","properties":{"osm_type":"way","osm_id":370947969,"name":"Subramaniyam Bharti Marg","kind":"road"},"geometry":{"type":"LineString","coordinates":[[77.2299215,28.601417],[77.2301769,28.6015858],[77.2302215,28.6016153]]}},{"type":"Feature","properties":{"osm_type":"way","osm_id":446922582,"name":"Tilak Marg","kind":"road"},"geometry":{"type":"LineString","coordinates":[[77.2403162,28.6250182],[77.2402341,28.6249084],[77.2401135,28.6247471],[77.2389771,28.623228],[77.2387397,28.6229239],[77.2377442,28.621649],[77.2375005,28.6213158],[77.2372914,28.62103],[77.2372262,28.6209448],[77.2371158,28.6207901],[77.2370476,28.6206938],[77.2369762,28.6205924],[77.2369645,28.6205764],[77.2366242,28.6201115],[77.23628,28.6196412],[77.2353132,28.6183203],[77.2341865,28.6168143],[77.2337769,28.6162525],[77.2332584,28.6155627],[77.2332245,28.6153714],[77.2332584,28.6152595],[77.2333584,28.6151513]]}},{"type":"Feature","properties":{"osm_type":"way","osm_id":447141145,"name":"Rotary Number 45","kind":"road"},"geometry":{"type":"LineString","coordinates":[[77.2125108,28.6173204],[77.2125671,28.6172915],[77.2126653,28.6171987]]}},{"type":"Feature","properties":{"osm_type":"way","osm_id":447141146,"name":"Rotary Number 45","kind":"road"},"geometry":{"type":"LineString","coordinates":[[77.2126653,28.6171987],[77.2126851,28.6171806],[77.2127139,28.6171297],[77.2127332,28.6170754],[77.2127407,28.6169761]]}},{"type":"Feature","properties":{"osm_type":"way","osm_id":447143201,"name":"Rotary Number 45","kind":"road"},"geometry":{"type":"LineString","coordinates":[[77.2121181,28.6166904],[77.2120621,28.6167256],[77.2120139,28.6167687],[77.2119747,28.6168184],[77.2119457,28.6168738],[77.211928,28.6169328],[77.2119221,28.6169936],[77.2119284,28.6170544]]}},{"type":"Feature","properties":{"osm_type":"way","osm_id":488899431,"name":"","kind":"road"},"geometry":{"type":"LineString","coordinates":[[77.2294251,28.5911806],[77.2291731,28.5908981],[77.2290525,28.5907627]]}},{"type":"Feature","properties":{"osm_type":"way","osm_id":488899432,"name":"","kind":"road"},"geometry":{"type":"LineString","coordinates":[[77.2289344,28.5907409],[77.2288767,28.5908087],[77.2288388,28.590839],[77.2287538,28.5908825],[77.2286915,28.5909139],[77.2284363,28.5910425]]}},{"type":"Feature","properties":{"osm_type":"way","osm_id":537797266,"name":"Janpath","kind":"road"},"geometry":{"type":"LineString","coordinates":[[77.2182575,28.6103831],[77.2182641,28.6104099],[77.2182655,28.6104777],[77.2182676,28.6105314],[77.2182738,28.6106935],[77.2182919,28.6111657],[77.2183054,28.6113952],[77.2183092,28.6114599],[77.2183128,28.6115017],[77.2183844,28.6123324],[77.2184123,28.6127615],[77.2184571,28.613278],[77.2184614,28.6133772],[77.2184671,28.6134521]]}},{"type":"Feature","properties":{"osm_type":"way","osm_id":537797267,"name":"Kartavya Path","kind":"road"},"geometry":{"type":"LineString","coordinates":[[77.2184671,28.6134521],[77.2185276,28.6134493],[77.2247654,28.6131567],[77.2248492,28.6131528],[77.2276662,28.6130207]]}},{"type":"Feature","properties":{"osm_type":"way","osm_id":561759718,"name":"Lodhi Road","kind":"road"},"geometry":{"type":"LineString","coordinates":[[77.2388853,28.5925829],[77.2380888,28.5925603],[77.2376593,28.5925281],[77.2375205,28.5925097],[77.2372385,28.5924723],[77.2367531,28.592408],[77.2353663,28.5922241],[77.2346201,28.5921252],[77.2345628,28.5921171],[77.2344321,28.5921005]]}},{"type":"Feature","properties":{"osm_type":"way","osm_id":562202340,"name":"Purana Quila Road","kind":"road"},"geometry":{"type":"LineString","coordinates":[[77.234069,28.6147822],[77.2343749,28.6146544],[77.2345841,28.6145826],[77.234686,28.6145579],[77.2347651,28.6145496],[77.2347861,28.6145503],[77.2348644,28.6145531],[77.2350025,28.6145826],[77.2360138,28.6150017],[77.2368511,28.6153784],[77.2376983,28.6157357],[77.2379217,28.6158289]]}},{"type":"Feature","properties":{"osm_type":"way","osm_id":562340233,"name":"Rotary 14","kind":"road"},"geometry":{"type":"LineString","coordinates":[[77.2203321,28.5972468],[77.2203552,28.5972595],[77.2203803,28.5972687],[77.2204068,28.5972743],[77.220434,28.5972761],[77.2204611,28.597274],[77.2204875,28.5972681],[77.2205125,28.5972586],[77.2205354,28.5972456],[77.2205557,28.5972296],[77.2205727,28.597211]]}},{"type":"Feature","properties":{"osm_type":"way","osm_id":562340234,"name":"rotary no 11","kind":"road"},"geometry":{"type":"LineString","coordinates":[[77.2178379,28.600934],[77.2178935,28.6009081],[77.2179443,28.6008756],[77.2180133,28.6008119],[77.2180645,28.6007363],[77.2180952,28.6006526],[77.2181041,28.6005773],[77.2180856,28.6004628],[77.21803,28.600358],[77.2179421,28.6002719]]}},{"type":"Feature","properties":{"osm_type":"way","osm_id":563679832,"name":"rotary no 11","kind":"road"},"geometry":{"type":"LineString","coordinates":[[77.2179421,28.6002719],[77.2178606,28.6002247],[77.2177694,28.6001942]]}},{"type":"Feature","properties":{"osm_type":"way","osm_id":563679833,"name":"rotary no 11","kind":"road"},"geometry":{"type":"LineString","coordinates":[[77.2175704,28.6009605],[77.2177065,28.6009653],[77.2178379,28.600934]]}},{"type":"Feature","properties":{"osm_type":"way","osm_id":563679834,"name":"Motilal Nehru Place","kind":"road"},"geometry":{"type":"LineString","coordinates":[[77.218301,28.6076902],[77.2184153,28.6076696],[77.21848,28.6076433],[77.2186079,28.6075913],[77.2187784,28.6074875],[77.2188798,28.6073761],[77.2189358,28.6072353],[77.218928,28.6071111],[77.2189175,28.6070236],[77.218881,28.6068779],[77.2188187,28.6068003],[77.2186026,28.606481],[77.2185054,28.6063937]]}},{"type":"Feature","properties":{"osm_type":"way","osm_id":563791816,"name":"Rajesh Pilot Marg","kind":"road"},"geometry":{"type":"LineString","coordinates":[[77.2205727,28.597211],[77.2206381,28.597177],[77.2207097,28.5971529],[77.2207613,28.5971443],[77.2207875,28.59714],[77.2218426,28.5971028],[77.2222098,28.5970971],[77.2224637,28.597097],[77.222608,28.5971064],[77.2227291,28.5971404],[77.2228641,28.5971849],[77.2229486,28.5972285],[77.223175,28.5973454]]}},{"type":"Feature","properties":{"osm_type":"way","osm_id":565938873,"name":"","kind":"road"},"geometry":{"type":"LineString","coordinates":[[77.2237517,28.590609],[77.2237659,28.5904974]]}},{"type":"Feature","properties":{"osm_type":"way","osm_id":565938874,"name":"Lodhi Road","kind":"road"},"geometry":{"type":"LineString","coordinates":[[77.2147988,28.5896937],[77.2157672,28.5897806],[77.2164081,28.5898498],[77.2169962,28.589911],[77.2170455,28.5899161],[77.2184013,28.5900621],[77.2184869,28.5900713],[77.219618,28.5902066],[77.2196361,28.5902077],[77.2196795,28.5902105]]}},{"type":"Feature","properties":{"osm_type":"way","osm_id":570413590,"name":"Rotary Number 45","kind":"road"},"geometry":{"type":"LineString","coordinates":[[77.2127407,28.6169761],[77.2127086,28.6168681],[77.2126486,28.6167649],[77.2125826,28.6167092],[77.2125041,28.6166677]]}},{"type":"Feature","properties":{"osm_type":"way","osm_id":570413591,"name":"Rafi Ahmed Kidwai Marg","kind":"road"},"geometry":{"type":"LineString","coordinates":[[77.2122908,28.6152361],[77.2122556,28.6146708]]}},{"type":"Feature","properties":{"osm_type":"way","osm_id":570413594,"name":"Rafi Ahmed Kidwai Marg","kind":"road"},"geometry":{"type":"LineString","coordinates":[[77.2117867,28.6108638],[77.2118517,28.6109284],[77.2119114,28.6110137],[77.211935,28.6110773],[77.2119368,28.6111051],[77.2119689,28.6116042],[77.2119869,28.6119532]]}},{"type":"Feature","properties":{"osm_type":"way","osm_id":570413595,"name":"Rotary Number 34","kind":"road"},"geometry":{"type":"LineString","coordinates":[[77.2115362,28.6104349],[77.2115233,28.6104783],[77.211517,28.6105229],[77.2115176,28.6105678],[77.211525,28.6106122],[77.211539,28.6106554],[77.2115594,28.6106966],[77.2115846,28.6107333],[77.2116175,28.6107697],[77.2116541,28.6108004],[77.211695,28.6108266],[77.2117394,28.6108479],[77.2117867,28.6108638]]}},{"type":"Feature","properties":{"osm_type":"way","osm_id":570427349,"name":"rotary no 10","kind":"road"},"geometry":{"type":"LineString","coordinates":[[77.2112466,28.5977811],[77.2112686,28.5977689],[77.2112886,28.5977544],[77.2113122,28.5977315],[77.2113312,28.5977054],[77.2113448,28.5976769],[77.2113528,28.5976468],[77.211355,28.5976159],[77.2113468,28.5975692],[77.2113253,28.597526],[77.2112919,28.5974889]]}},{"type":"Feature","properties":{"osm_type":"way","osm_id":570427350,"name":"","kind":"road"},"geometry":{"type":"LineString","coordinates":[[77.2114883,28.6044481],[77.211573,28.6044504],[77.2116566,28.6044378],[77.2117356,28.6044109],[77.2118069,28.6043708],[77.2118536,28.604333],[77.2118933,28.6042895],[77.2119252,28.6042412],[77.2119485,28.6041894],[77.2119611,28.6041302],[77.2119667,28.6041039],[77.2119617,28.604017],[77.2119488,28.6039693],[77.2119289,28.6039234],[77.2119022,28.6038802],[77.2118693,28.6038405],[77.2118292,28.6038038],[77.2117838,28.6037721],[77.2117339,28.6037462],[77.2116804,28.6037265]]}},{"type":"Feature","properties":{"osm_type":"way","osm_id":570427353,"name":"Rotary Number 34","kind":"road"},"geometry":{"type":"LineString","coordinates":[[77.2115712,28.6103493],[77.2115362,28.6104349]]}},{"type":"Feature","properties":{"osm_type":"way","osm_id":570427355,"name":"Rotary Number 45","kind":"road"},"geometry":{"type":"LineString","coordinates":[[77.2125041,28.6166677],[77.2124171,28.6166425],[77.212326,28.6166348],[77.2122352,28.6166451]]}},{"type":"Feature","properties":{"osm_type":"way","osm_id":581989170,"name":"Aurobindo Marg","kind":"road"},"geometry":{"type":"LineString","coordinates":[[77.2128513,28.5911581],[77.2129706,28.5895174]]}},{"type":"Feature","properties":{"osm_type":"way","osm_id":581989171,"name":"Prithviraj Road","kind":"road"},"geometry":{"type":"LineString","coordinates":[[77.2131177,28.591881],[77.2128075,28.5916022],[77.212684,28.5915512]]}},{"type":"Feature","properties":{"osm_type":"way","osm_id":581989172,"name":"Rotary 13","kind":"road"},"geometry":{"type":"LineString","coordinates":[[77.2244183,28.6037685],[77.2242851,28.6035971],[77.2241078,28.6034037],[77.2238708,28.6031436]]}},{"type":"Feature","properties":{"osm_type":"way","osm_id":581989173,"name":"","kind":"road"},"geometry":{"type":"LineString","coordinates":[[77.2333584,28.6151513],[77.234069,28.6147822],[77.2342542,28.6146179],[77.2344114,28.6144641],[77.23456,28.6142529],[77.2346634,28.6140115],[77.2345604,28.6127596],[77.2345549,28.6126724],[77.2345498,28.6125785],[77.2345046,28.6114969],[77.2344893,28.6113669],[77.2343815,28.6110609],[77.2343406,28.6109853],[77.2342741,28.610909],[77.2340546,28.6107005],[77.2338561,28.6106106],[77.232948,28.6102259]]}},{"type":"Feature","properties":{"osm_type":"way","osm_id":582461171,"name":"","kind":"road"},"geometry":{"type":"LineString","coordinates":[[77.2326282,28.6155495],[77.2326967,28.6155148],[77.2330026,28.6153599],[77.2331475,28.615275],[77.2333584,28.6151513]]}},{"type":"Feature","properties":{"osm_type":"way","osm_id":582461172,"name":"","kind":"road"},"geometry":{"type":"LineString","coordinates":[[77.2296495,28.6100182],[77.2294376,28.6101459],[77.2292462,28.6102561],[77.2291783,28.6102956],[77.2291478,28.6103166],[77.2288596,28.6104817]]}},{"type":"Feature","properties":{"osm_type":"way","osm_id":582461173,"name":"Rotary 13","kind":"road"},"geometry":{"type":"LineString","coordinates":[[77.2243588,28.6039568],[77.2243905,28.6039156],[77.2244116,28.6038686],[77.2244202,28.6038217],[77.2244183,28.6037685]]}},{"type":"Feature","properties":{"osm_type":"way","osm_id":582461174,"name":"Rotary 13","kind":"road"},"geometry":{"type":"LineString","coordinates":[[77.2238175,28.6038523],[77.2239581,28.6039297],[77.2240426,28.6039738],[77.2241239,28.604007],[77.2241738,28.6040136],[77.2242327,28.6040095],[77.2242893,28.6039967],[77.2243221,28.6039826],[77.2243588,28.6039568]]}},{"type":"Feature","properties":{"osm_type":"way","osm_id":585446272,"name":"Lodhi Road","kind":"road"},"geometry":{"type":"LineString","coordinates":[[77.2344321,28.5921005],[77.23322,28.5919524],[77.2330925,28.5919332]]}},{"type":"Feature","properties":{"osm_type":"way","osm_id":585446283,"name":"Maharishi Raman Marg","kind":"road"},"geometry":{"type":"LineString","coordinates":[[77.2289344,28.5907409],[77.2288972,28.590983],[77.2288648,28.5911081]]}},{"type":"Feature","properties":{"osm_type":"way","osm_id":585446284,"name":"Lodhi Road","kind":"road"},"geometry":{"type":"LineString","coordinates":[[77.2294251,28.5911806],[77.2290866,28.5911344],[77.228988,28.591121],[77.2288648,28.5911081]]}},{"type":"Feature","properties":{"osm_type":"way","osm_id":585446285,"name":"Lodhi Road","kind":"road"},"geometry":{"type":"LineString","coordinates":[[77.2330925,28.5919332],[77.2328128,28.5918947],[77.2322124,28.5918109],[77.2312664,28.5916432],[77.2304705,28.5914594],[77.2301155,28.5913647],[77.2299683,28.5913254],[77.229672,28.5912464],[77.2294251,28.5911806]]}},{"type":"Feature","properties":{"osm_type":"way","osm_id":604050032,"name":"Rotary 13","kind":"road"},"geometry":{"type":"LineString","coordinates":[[77.2238708,28.6031436],[77.2237373,28.6031777],[77.2236765,28.603222],[77.2236446,28.6032453],[77.2236113,28.6032696]]}},{"type":"Feature","properties":{"osm_type":"way","osm_id":605958430,"name":"","kind":"road"},"geometry":{"type":"LineString","coordinates":[[77.2126739,28.59167],[77.2128036,28.5917333]]}},{"type":"Feature","properties":{"osm_type":"way","osm_id":605958431,"name":"Aurobindo Marg","kind":"road"},"geometry":{"type":"LineString","coordinates":[[77.2128075,28.5916022],[77.2128233,28.5914417],[77.2128513,28.5911581]]}},{"type":"Feature","properties":{"osm_type":"way","osm_id":605958432,"name":"","kind":"road"},"geometry":{"type":"LineString","coordinates":[[77.212684,28.5915512],[77.2126739,28.59167]]}},{"type":"Feature","properties":{"osm_type":"way","osm_id":611866598,"name":"","kind":"road"},"geometry":{"type":"LineString","coordinates":[[77.2188271,28.5979586],[77.2188598,28.5980249],[77.2188845,28.5980938],[77.2189011,28.5981674],[77.2189083,28.5982345],[77.2189075,28.5983088],[77.2188853,28.5983689]]}},{"type":"Feature","properties":{"osm_type":"way","osm_id":611866599,"name":"","kind":"road"},"geometry":{"type":"LineString","coordinates":[[77.2192697,28.5982849],[77.2192754,28.5981433],[77.219281,28.5980046]]}},{"type":"Feature","properties":{"osm_type":"way","osm_id":611866600,"name":"Max Mueller Marg","kind":"road"},"geometry":{"type":"LineString","coordinates":[[77.2235827,28.5974707],[77.2235257,28.5974031],[77.223485,28.5973393],[77.2234788,28.5973261],[77.2234526,28.5972701],[77.2234103,28.5972005],[77.2233874,28.5971454],[77.2233682,28.5970718],[77.2233474,28.5969967]]}},{"type":"Feature","properties":{"osm_type":"way","osm_id":611866601,"name":"Max Mueller Marg","kind":"road"},"geometry":{"type":"LineString","coordinates":[[77.2236119,28.5905971],[77.2236325,28.5906274],[77.223646,28.5906769],[77.2236406,28.5907193],[77.2236272,28.5908323],[77.2235876,28.5913533],[77.2235869,28.5913905],[77.2235574,28.5918945],[77.2235379,28.5921954]]}},{"type":"Feature","properties":{"osm_type":"way","osm_id":614072005,"name":"","kind":"road"},"geometry":{"type":"LineString","coordinates":[[77.2183131,28.6100961],[77.2182751,28.6100913],[77.2182368,28.6100943],[77.2182004,28.6101048],[77.2181677,28.6101225]]}},{"type":"Feature","properties":{"osm_type":"way","osm_id":656933872,"name":"","kind":"road"},"geometry":{"type":"LineString","coordinates":[[77.2317714,28.6160961],[77.2320068,28.6159459],[77.2326282,28.6155495]]}},{"type":"Feature","properties":{"osm_type":"way","osm_id":656933873,"name":"","kind":"road"},"geometry":{"type":"LineString","coordinates":[[77.2307818,28.6160632],[77.2311031,28.6161604],[77.2312635,28.6161813],[77.2315083,28.616174],[77.2317714,28.6160961]]}},{"type":"Feature","properties":{"osm_type":"way","osm_id":656933877,"name":"Copernicus Marg","kind":"road"},"geometry":{"type":"LineString","coordinates":[[77.2319421,28.6251319],[77.2319348,28.6249958],[77.2318747,28.6240602],[77.2318314,28.6233849],[77.2318077,28.6230165],[77.2317968,28.622846],[77.2317868,28.6226896],[77.2317776,28.622545],[77.2317284,28.6217835],[77.2317249,28.6217149],[77.2317192,28.6216263],[77.2317118,28.6215095],[77.2316897,28.621161],[77.2316732,28.6209014],[77.2316641,28.6207586],[77.2316411,28.6203973],[77.2316212,28.620084],[77.2315965,28.6196959],[77.2315345,28.6187206],[77.2314654,28.6176343],[77.2314044,28.6166748]]}},{"type":"Feature","properties":{"osm_type":"way","osm_id":664985706,"name":"Prithviraj Road","kind":"road"},"geometry":{"type":"LineString","coordinates":[[77.2186679,28.5977693],[77.2188271,28.5979586]]}},{"type":"Feature","properties":{"osm_type":"way","osm_id":664985708,"name":"Prithviraj Road","kind":"road"},"geometry":{"type":"LineString","coordinates":[[77.2128036,28.5917333],[77.2129025,28.5918241],[77.2129917,28.5918877],[77.213246,28.5921443],[77.2135637,28.5924187],[77.213811,28.5926769],[77.2139905,28.5928695],[77.2144809,28.5934006],[77.2154644,28.5944403],[77.2164497,28.5954402],[77.216856,28.5958856],[77.2180663,28.5971346],[77.2183865,28.5974606],[77.2184695,28.5975451],[77.218566,28.5976619],[77.2186679,28.5977693]]}},{"type":"Feature","properties":{"osm_type":"way","osm_id":664985709,"name":"Prithviraj Road","kind":"road"},"geometry":{"type":"LineString","coordinates":[[77.2238708,28.6031436],[77.2237583,28.6029546],[77.2234439,28.6025977],[77.223359,28.6025192],[77.2230116,28.6021787],[77.2225798,28.6017289],[77.222046,28.6011849],[77.2216777,28.6007905],[77.221582,28.600688],[77.2212928,28.6003944],[77.2211877,28.6002877],[77.22089,28.5999886],[77.2207265,28.5998243],[77.2205869,28.5996778],[77.2202543,28.5993387],[77.2198627,28.5989289],[77.2195557,28.5985771],[77.2192697,28.5982849],[77.2192072,28.5982206],[77.2191332,28.5981444]]}},{"type":"Feature","properties":{"osm_type":"way","osm_id":673792808,"name":"Maharishi Raman Marg","kind":"road"},"geometry":{"type":"LineString","coordinates":[[77.2290728,28.5899075],[77.229044,28.5900739],[77.2289344,28.5907409]]}},{"type":"Feature","properties":{"osm_type":"way","osm_id":677663227,"name":"Sher Shah Road","kind":"road"},"geometry":{"type":"LineString","coordinates":[[77.2394456,28.6092853],[77.2393417,28.60929],[77.238755,28.6092979],[77.2381473,28.609353],[77.2379449,28.6093904],[77.237546,28.6094642],[77.2371701,28.6095572],[77.2370967,28.6095753],[77.2369394,28.6096506],[77.2368589,28.6096891],[77.2357228,28.6102331],[77.2352847,28.610451],[77.2350023,28.6105917],[77.2348948,28.6106532]]}},{"type":"Feature","properties":{"osm_type":"way","osm_id":680551206,"name":"","kind":"road"},"geometry":{"type":"LineString","coordinates":[[77.232948,28.6102259],[77.2327439,28.61011],[77.2327051,28.6100934],[77.2324243,28.6099722]]}},{"type":"Feature","properties":{"osm_type":"way","osm_id":680551207,"name":"","kind":"road"},"geometry":{"type":"LineString","coordinates":[[77.2281653,28.6109165],[77.2278711,28.6112049],[77.227724,28.6114271],[77.2276011,28.6116806]]}},{"type":"Feature","properties":{"osm_type":"way","osm_id":680551209,"name":"Rotary Number 34","kind":"road"},"geometry":{"type":"LineString","coordinates":[[77.2121057,28.6108517],[77.2121721,28.6108154],[77.2122295,28.6107687],[77.2122756,28.6107132],[77.2123089,28.610651]]}},{"type":"Feature","properties":{"osm_type":"way","osm_id":680551210,"name":"rotary no 15","kind":"road"},"geometry":{"type":"LineString","coordinates":[[77.2243011,28.6100198],[77.2243549,28.610093],[77.2244316,28.6101483],[77.2245237,28.6101804],[77.2246227,28.6101865],[77.2246859,28.6101753],[77.2247054,28.6101683],[77.2247404,28.6101558],[77.2248036,28.6101203]]}},{"type":"Feature","properties":{"osm_type":"way","osm_id":680551211,"name":"","kind":"road"},"geometry":{"type":"LineString","coordinates":[[77.2288596,28.6104817],[77.2281653,28.6109165]]}},{"type":"Feature","properties":{"osm_type":"way","osm_id":680551212,"name":"","kind":"road"},"geometry":{"type":"LineString","coordinates":[[77.2324243,28.6099722],[77.2319832,28.6097933],[77.2313754,28.6095354],[77.2310527,28.6094695],[77.2307174,28.6094717],[77.2303913,28.6095756],[77.2303447,28.6096034],[77.2296495,28.6100182]]}},{"type":"Feature","properties":{"osm_type":"way","osm_id":683702988,"name":"","kind":"road"},"geometry":{"type":"LineString","coordinates":[[77.2129025,28.5918241],[77.212869,28.5919588],[77.212846,28.5920511],[77.2128369,28.5920876]]}},{"type":"Feature","properties":{"osm_type":"way","osm_id":683766458,"name":"","kind":"road"},"geometry":{"type":"LineString","coordinates":[[77.2112278,28.6043281],[77.2113059,28.6043874],[77.2113629,28.6044159],[77.2114242,28.6044363],[77.2114883,28.6044481]]}},{"type":"Feature","properties":{"osm_type":"way","osm_id":683766459,"name":"","kind":"road"},"geometry":{"type":"LineString","coordinates":[[77.2116804,28.6037265],[77.2116116,28.6037114],[77.2115409,28.6037066],[77.2114702,28.6037122],[77.2114016,28.603728]]}},{"type":"Feature","properties":{"osm_type":"way","osm_id":683766460,"name":"rotary no 10","kind":"road"},"geometry":{"type":"LineString","coordinates":[[77.2110539,28.5977849],[77.2110914,28.5977973],[77.2111308,28.5978032],[77.2111708,28.5978024],[77.2112099,28.597795],[77.2112466,28.5977811]]}},{"type":"Feature","properties":{"osm_type":"way","osm_id":683766461,"name":"rotary no 10","kind":"road"},"geometry":{"type":"LineString","coordinates":[[77.2112919,28.5974889],[77.2112671,28.5974708],[77.2112394,28.5974562],[77.2112095,28.5974455],[77.211178,28.597439],[77.2111458,28.5974369],[77.2111136,28.5974391],[77.2110821,28.5974457]]}},{"type":"Feature","properties":{"osm_type":"way","osm_id":684972730,"name":"Shahjahan Road","kind":"road"},"geometry":{"type":"LineString","coordinates":[[77.2250169,28.6044992],[77.2248855,28.604317],[77.2248167,28.6042215]]}},{"type":"Feature","properties":{"osm_type":"way","osm_id":686696028,"name":"","kind":"road"},"geometry":{"type":"LineString","coordinates":[[77.2289605,28.6099832],[77.229095,28.6101817],[77.2290996,28.6101891],[77.2291352,28.6101888],[77.2291573,28.6101776],[77.2291701,28.6101617],[77.2291676,28.6101471],[77.229166,28.6101382],[77.2290494,28.6099486]]}},{"type":"Feature","properties":{"osm_type":"way","osm_id":697101341,"name":"Children's Park","kind":"park"},"geometry":{"type":"LineString","coordinates":[[77.2295183,28.6103997],[77.2308649,28.6122107],[77.2309136,28.6122662],[77.231003,28.6122612],[77.2313201,28.6122421],[77.2313684,28.6121311],[77.2314266,28.6120328],[77.2315313,28.6118531],[77.2321133,28.6108519],[77.2323994,28.6103367],[77.232373,28.6102549],[77.2323077,28.6101604],[77.2312896,28.6096676],[77.2306812,28.6096487],[77.2295306,28.6103366],[77.2295183,28.6103997]]}},{"type":"Feature","properties":{"osm_type":"way","osm_id":706917011,"name":"","kind":"road"},"geometry":{"type":"LineString","coordinates":[[77.2270084,28.6110738],[77.2270722,28.6109488]]}},{"type":"Feature","properties":{"osm_type":"way","osm_id":706970966,"name":"Ashoka Road","kind":"road"},"geometry":{"type":"LineString","coordinates":[[77.2253171,28.6162845],[77.2253948,28.6161848],[77.2255763,28.6160576],[77.2256263,28.6160291],[77.2258065,28.6159264],[77.2265957,28.6154795],[77.2273282,28.6150647],[77.2274069,28.6150201],[77.2274529,28.6149941]]}},{"type":"Feature","properties":{"osm_type":"way","osm_id":708488753,"name":"Akbar Road","kind":"road"},"geometry":{"type":"LineString","coordinates":[[77.2187784,28.6074875],[77.2188533,28.607461],[77.2189418,28.607461],[77.2190571,28.6074892],[77.2191859,28.6075411],[77.2200951,28.6079225],[77.2207871,28.6082404],[77.2211539,28.608413],[77.2215274,28.6085748],[77.2224375,28.6089866],[77.2225976,28.6090481],[77.2233609,28.6093551],[77.2235579,28.6094343],[77.2240829,28.6096432],[77.224223,28.6097192],[77.2242552,28.6097663],[77.224289,28.6098175]]}},{"type":"Feature","properties":{"osm_type":"way","osm_id":709276133,"name":"Janpath","kind":"road"},"geometry":{"type":"LineString","coordinates":[[77.2189846,28.6193528],[77.2189513,28.6193054],[77.218916,28.6192182],[77.2189062,28.6190252],[77.2188996,28.6189548],[77.2188731,28.6186706],[77.2188299,28.6183013],[77.2187792,28.6175828],[77.2187497,28.6171049],[77.2187467,28.6170284],[77.2187417,28.6169],[77.2187631,28.6168082],[77.2187792,28.6167781]]}},{"type":"Feature","properties":{"osm_type":"way","osm_id":709276134,"name":"","kind":"road"},"geometry":{"type":"LineString","coordinates":[[77.2185665,28.6165898],[77.2185415,28.6166239],[77.2185293,28.6166632],[77.2185312,28.6167038],[77.218547,28.616742],[77.2185753,28.6167742]]}},{"type":"Feature","properties":{"osm_type":"way","osm_id":709276135,"name":"Janpath","kind":"road"},"geometry":{"type":"LineString","coordinates":[[77.2184671,28.6134521],[77.2184718,28.6135302],[77.2184801,28.6136644],[77.2185188,28.6142916],[77.2185227,28.6143545],[77.2185732,28.6151737],[77.2185901,28.6154581],[77.2186158,28.6160464],[77.2186175,28.6163368],[77.2186183,28.6164796],[77.2186079,28.6165336],[77.2185922,28.6165696]]}},{"type":"Feature","properties":{"osm_type":"way","osm_id":709276136,"name":"","kind":"road"},"geometry":{"type":"LineString","coordinates":[[77.2188103,28.6167452],[77.2188263,28.6167107],[77.2188309,28.6166737],[77.2188236,28.6166371],[77.2188051,28.6166036]]}},{"type":"Feature","properties":{"osm_type":"way","osm_id":709276137,"name":"","kind":"road"},"geometry":{"type":"LineString","coordinates":[[77.2186123,28.616797],[77.2186546,28.616809],[77.218699,28.6168098],[77.2187418,28.6167992],[77.2187792,28.6167781]]}},{"type":"Feature","properties":{"osm_type":"way","osm_id":709276138,"name":"Janpath","kind":"road"},"geometry":{"type":"LineString","coordinates":[[77.2186358,28.6151703],[77.2186125,28.6146784],[77.2185886,28.6142914],[77.2185508,28.6137271],[77.2185344,28.6135272],[77.2185276,28.6134493]]}},{"type":"Feature","properties":{"osm_type":"way","osm_id":709281061,"name":"Janpath","kind":"road"},"geometry":{"type":"LineString","coordinates":[[77.2185276,28.6134493],[77.2185228,28.6133741],[77.2185025,28.6130372],[77.2184891,28.6128536],[77.2184577,28.6122807],[77.2184491,28.6121241],[77.2184197,28.6117262],[77.2184104,28.6115956],[77.2184001,28.6114511]]}},{"type":"Feature","properties":{"osm_type":"way","osm_id":710522942,"name":"","kind":"park"},"geometry":{"type":"LineString","coordinates":[[77.2112176,28.604021],[77.2112107,28.6041238],[77.2112438,28.6042225],[77.211313,28.6043056],[77.2114101,28.6043632],[77.2115237,28.6043885],[77.2116404,28.6043786],[77.2117463,28.6043346],[77.2118291,28.6042617],[77.2118789,28.6041686],[77.2118904,28.6040744],[77.2118678,28.6039818],[77.2118135,28.6038999],[77.2117328,28.6038371],[77.2116337,28.6037996],[77.2115263,28.603791],[77.2114211,28.6038124],[77.2113289,28.6038615],[77.2112587,28.6039335],[77.2112176,28.604021]]}},{"type":"Feature","properties":{"osm_type":"way","osm_id":710522944,"name":"Rajesh Pilot Marg","kind":"road"},"geometry":{"type":"LineString","coordinates":[[77.2191332,28.5981444],[77.2192166,28.5980655],[77.219281,28.5980046],[77.2193681,28.5979262],[77.2197882,28.597617],[77.2200832,28.597383],[77.2201894,28.5973059],[77.2202172,28.5972857],[77.2202901,28.5972473],[77.2203321,28.5972468]]}},{"type":"Feature","properties":{"osm_type":"way","osm_id":710522945,"name":"Rajesh Pilot Marg","kind":"road"},"geometry":{"type":"LineString","coordinates":[[77.2202661,28.5971511],[77.220223,28.5971932],[77.2201381,28.597254],[77.2199468,28.597391],[77.2195471,28.5977089],[77.2193226,28.5978963],[77.2191609,28.5980133],[77.2190764,28.5980769]]}},{"type":"Feature","properties":{"osm_type":"way","osm_id":710585113,"name":"","kind":"road"},"geometry":{"type":"LineString","coordinates":[[77.2235704,28.6029236],[77.2235426,28.6030112],[77.2234809,28.603056],[77.2234112,28.6030725],[77.2233488,28.6030693]]}},{"type":"Feature","properties":{"osm_type":"way","osm_id":710621825,"name":"Prithviraj Road","kind":"road"},"geometry":{"type":"LineString","coordinates":[[77.2191332,28.5981444],[77.2190764,28.5980769],[77.2190341,28.5980312],[77.2188587,28.5978434],[77.2187403,28.5977363],[77.2186585,28.5976459],[77.2181311,28.5970907],[77.218063,28.5970139],[77.2176285,28.5965429],[77.2169318,28.59583],[77.2168587,28.5957422],[77.2164832,28.5953371],[77.2160486,28.5949155],[77.2155819,28.5944516],[77.2152037,28.5940465],[77.2146995,28.593519],[77.2140513,28.5928239],[77.2136361,28.5923692],[77.2131177,28.591881]]}},{"type":"Feature","properties":{"osm_type":"way","osm_id":710645769,"name":"","kind":"road"},"geometry":{"type":"LineString","coordinates":[[77.2187301,28.6165528],[77.2186949,28.6165458],[77.2186588,28.6165464],[77.2186239,28.6165545],[77.2185922,28.6165696]]}},{"type":"Feature","properties":{"osm_type":"way","osm_id":711421326,"name":"Maulana Azad Road","kind":"road"},"geometry":{"type":"LineString","coordinates":[[77.218411,28.6103158],[77.2184828,28.610273],[77.2185576,28.6102467],[77.2186213,28.6102421],[77.2192577,28.6102063],[77.2200227,28.6101786],[77.221135,28.6101291],[77.2216508,28.6101041],[77.2226094,28.6100576],[77.2235629,28.6100118],[77.2238907,28.6099913],[77.2240159,28.6099902],[77.2241949,28.6099848],[77.2243011,28.6100198]]}},{"type":"Feature","properties":{"osm_type":"way","osm_id":711421327,"name":"Maulana Azad Road","kind":"road"},"geometry":{"type":"LineString","coordinates":[[77.2242828,28.6098363],[77.2242083,28.609886],[77.2240094,28.6098943],[77.2239519,28.6098945],[77.2234653,28.6099378],[77.2226151,28.6099778],[77.2217085,28.6100178],[77.2207509,28.6100626],[77.2196861,28.610112],[77.2189404,28.610145],[77.2186185,28.6101497],[77.218522,28.610145],[77.2184657,28.6101332],[77.2183755,28.610124]]}},{"type":"Feature","properties":{"osm_type":"way","osm_id":711421329,"name":"rotary no 15","kind":"road"},"geometry":{"type":"LineString","coordinates":[[77.2249129,28.6099506],[77.2249146,28.6098689],[77.2248896,28.6097902],[77.2248399,28.6097211],[77.2247699,28.6096674],[77.2246852,28.6096334]]}},{"type":"Feature","properties":{"osm_type":"way","osm_id":711421330,"name":"rotary no 15","kind":"road"},"geometry":{"type":"LineString","coordinates":[[77.2248036,28.6101203],[77.224855,28.6100718],[77.2248921,28.6100142],[77.2249129,28.6099506]]}},{"type":"Feature","properties":{"osm_type":"way","osm_id":711421331,"name":"rotary no 15","kind":"road"},"geometry":{"type":"LineString","coordinates":[[77.2246558,28.6096298],[77.2245931,28.6096222],[77.2245211,28.609633],[77.2244897,28.6096378]]}},{"type":"Feature","properties":{"osm_type":"way","osm_id":711421332,"name":"rotary no 15","kind":"road"},"geometry":{"type":"LineString","coordinates":[[77.2243975,28.6096817],[77.2243316,28.6097425],[77.224289,28.6098175],[77.2242828,28.6098363]]}},{"type":"Feature","properties":{"osm_type":"way","osm_id":711421334,"name":"Man Singh Road","kind":"road"},"geometry":{"type":"LineString","coordinates":[[77.22503,28.6160961],[77.2250272,28.6160509],[77.2250236,28.6159914],[77.2250193,28.6159222],[77.2249967,28.6155543],[77.2249772,28.6152371],[77.2249432,28.6146835],[77.2249296,28.6144618],[77.2249093,28.6141418],[77.2248788,28.6136354],[77.2248546,28.6132255],[77.2248492,28.6131528],[77.2248417,28.6130587],[77.2248201,28.6126795],[77.2248093,28.6125035],[77.2247841,28.6120932],[77.2247672,28.6118181],[77.2247602,28.6117047],[77.2247231,28.6110999],[77.2246822,28.6104343],[77.2246745,28.6103098],[77.2246836,28.6102418],[77.2247054,28.6101683]]}},{"type":"Feature","properties":{"osm_type":"way","osm_id":711421335,"name":"Man Singh Road","kind":"road"},"geometry":{"type":"LineString","coordinates":[[77.2246852,28.6096334],[77.2246512,28.609591],[77.2246298,28.6095321],[77.2246083,28.6094497],[77.2246046,28.6093999],[77.2245922,28.6092354],[77.2245875,28.6091701],[77.2245835,28.6091142],[77.2245627,28.6088539],[77.2245354,28.6083526],[77.2245312,28.6082935],[77.2245166,28.6080889],[77.2245005,28.6077098],[77.2244899,28.6074568],[77.2244576,28.607001],[77.2244467,28.6068284],[77.2243905,28.6062545],[77.224353,28.6058448],[77.2243342,28.6054468],[77.2243137,28.6051673],[77.2243096,28.605111],[77.2243047,28.6050441],[77.2242953,28.6047379],[77.2242923,28.6046794],[77.2242883,28.6045999],[77.2242752,28.6043659],[77.2242752,28.6043094],[77.2242752,28.6041987],[77.2242779,28.604081],[77.2242893,28.6039967]]}},{"type":"Feature","properties":{"osm_type":"way","osm_id":712992071,"name":"Ashoka Road","kind":"road"},"geometry":{"type":"LineString","coordinates":[[77.219459,28.6198106],[77.2194891,28.6197218],[77.2195615,28.6195899],[77.2196366,28.6194769],[77.2197522,28.6194116],[77.2198696,28.6193453],[77.2199826,28.6192815],[77.2204665,28.619001],[77.2206934,28.6188695],[77.2212552,28.6185435],[77.2213183,28.6185069],[77.2217568,28.6182603],[77.2220234,28.6181104],[77.222072,28.6180831],[77.2222469,28.6179805],[77.222468,28.6178508],[77.2226702,28.6177322],[77.2228149,28.6176516],[77.2232281,28.6174214],[77.2235823,28.6172149],[77.2239147,28.6170212],[77.2243883,28.6167548],[77.2244672,28.6167104],[77.2245718,28.6166444],[77.2246845,28.6166021],[77.2247516,28.6165926],[77.2248074,28.6166033]]}},{"type":"Feature","properties":{"osm_type":"way","osm_id":712992074,"name":"Doctor Rajendra Prasad Road","kind":"road"},"geometry":{"type":"LineString","coordinates":[[77.2188103,28.6167452],[77.2188809,28.6167078],[77.2189641,28.6166866],[77.2190609,28.6166836],[77.2191982,28.6166794],[77.2193475,28.6166691],[77.2194876,28.6166652],[77.2198694,28.6166513],[77.2201091,28.6166347],[77.2203226,28.6166247],[77.2205696,28.6166115],[77.2210635,28.6165891],[77.2213701,28.6165751],[77.2218302,28.6165541],[77.2221471,28.6165397],[77.2222618,28.6165332],[77.2225752,28.6165192]]}},{"type":"Feature","properties":{"osm_type":"way","osm_id":712992075,"name":"","kind":"road"},"geometry":{"type":"LineString","coordinates":[[77.2251711,28.6188947],[77.2251925,28.6188835],[77.2252086,28.6188668],[77.2252175,28.6188464],[77.2252184,28.6188246],[77.2252111,28.6188037],[77.2251964,28.6187861],[77.225176,28.6187736],[77.225152,28.6187677],[77.2251271,28.6187666],[77.2251077,28.6187755],[77.225091,28.6187865],[77.2250784,28.6188011],[77.2250712,28.6188171],[77.2250689,28.6188341],[77.2250717,28.6188512],[77.2250823,28.6188709],[77.2250998,28.6188865],[77.225122,28.6188963],[77.2251467,28.6188991],[77.2251711,28.6188947]]}},{"type":"Feature","properties":{"osm_type":"way","osm_id":712992077,"name":"Jaswant Singh Road","kind":"road"},"geometry":{"type":"LineString","coordinates":[[77.2252175,28.6188464],[77.2255223,28.6189849],[77.2259367,28.6191768],[77.2260244,28.6192139],[77.2262488,28.6193257],[77.2265053,28.6194535],[77.2266266,28.6195243],[77.2267124,28.6195997],[77.2267795,28.619668],[77.2268112,28.6197234]]}},{"type":"Feature","properties":{"osm_type":"way","osm_id":714492366,"name":"Max Mueller Marg","kind":"road"},"geometry":{"type":"LineString","coordinates":[[77.2232643,28.5969802],[77.2232128,28.5970222],[77.2231281,28.5970684],[77.223036,28.5971019],[77.2229973,28.5971077],[77.2229658,28.5971124]]}},{"type":"Feature","properties":{"osm_type":"way","osm_id":714492367,"name":"Max Mueller Marg","kind":"road"},"geometry":{"type":"LineString","coordinates":[[77.2232305,28.5972676],[77.223175,28.5973454]]}},{"type":"Feature","properties":{"osm_type":"way","osm_id":714992549,"name":"Rafi Ahmed Kidwai Marg","kind":"road"},"geometry":{"type":"LineString","coordinates":[[77.2122556,28.6146708],[77.2122119,28.6139362],[77.2122049,28.6137551]]}},{"type":"Feature","properties":{"osm_type":"way","osm_id":717907817,"name":"Red Cross Road","kind":"road"},"geometry":{"type":"LineString","coordinates":[[77.2096337,28.6186666],[77.2097199,28.6185642],[77.2098191,28.6184983],[77.2101356,28.6183005],[77.2103223,28.6181937],[77.2106068,28.618031],[77.2108973,28.6178649],[77.2109337,28.6178442],[77.2112846,28.6176443],[77.2115545,28.6174905],[77.211602,28.6174648],[77.2117207,28.6174007],[77.2118495,28.6173398],[77.2119354,28.6173092],[77.2120097,28.6172905],[77.2120722,28.6172742]]}},{"type":"Feature","properties":{"osm_type":"way","osm_id":722082927,"name":"Rajesh Pilot Marg","kind":"road"},"geometry":{"type":"LineString","coordinates":[[77.2232305,28.5972676],[77.2229898,28.5971264],[77.2229658,28.5971124]]}},{"type":"Feature","properties":{"osm_type":"way","osm_id":722082928,"name":"Max Mueller Marg","kind":"road"},"geometry":{"type":"LineString","coordinates":[[77.2232643,28.5969802],[77.2232498,28.5971879],[77.2232305,28.5972676]]}},{"type":"Feature","properties":{"osm_type":"way","osm_id":722082929,"name":"","kind":"road"},"geometry":{"type":"LineString","coordinates":[[77.2185753,28.6167742],[77.2185928,28.6167868],[77.2186123,28.616797]]}},{"type":"Feature","properties":{"osm_type":"way","osm_id":722082930,"name":"","kind":"road"},"geometry":{"type":"LineString","coordinates":[[77.2187792,28.6167781],[77.2188103,28.6167452]]}},{"type":"Feature","properties":{"osm_type":"way","osm_id":722082931,"name":"","kind":"road"},"geometry":{"type":"LineString","coordinates":[[77.2188051,28.6166036],[77.2187844,28.6165821],[77.218759,28.6165649],[77.2187301,28.6165528]]}},{"type":"Feature","properties":{"osm_type":"way","osm_id":722082932,"name":"","kind":"road"},"geometry":{"type":"LineString","coordinates":[[77.2185922,28.6165696],[77.2185665,28.6165898]]}},{"type":"Feature","properties":{"osm_type":"way","osm_id":722082933,"name":"Rotary Number 45","kind":"road"},"geometry":{"type":"LineString","coordinates":[[77.2122352,28.6166451],[77.2121741,28.6166627],[77.2121181,28.6166904]]}},{"type":"Feature","properties":{"osm_type":"way","osm_id":722082945,"name":"Rotary Number 34","kind":"road"},"geometry":{"type":"LineString","coordinates":[[77.2117867,28.6108638],[77.2118488,28.610883],[77.2119144,28.610889],[77.2119802,28.6108857],[77.2120445,28.6108732],[77.2121057,28.6108517]]}},{"type":"Feature","properties":{"osm_type":"way","osm_id":722082946,"name":"Rafi Ahmed Kidwai Marg","kind":"road"},"geometry":{"type":"LineString","coordinates":[[77.212092,28.6120909],[77.2120612,28.6116139],[77.2120393,28.6112755],[77.2120264,28.6110908],[77.2120242,28.6110586]]}},{"type":"Feature","properties":{"osm_type":"way","osm_id":722082947,"name":"Rafi Ahmed Kidwai Marg","kind":"road"},"geometry":{"type":"LineString","coordinates":[[77.2121435,28.6128676],[77.2121039,28.6122699],[77.212092,28.6120909]]}},{"type":"Feature","properties":{"osm_type":"way","osm_id":722082948,"name":"Rotary Number 45","kind":"road"},"geometry":{"type":"LineString","coordinates":[[77.2121926,28.6173344],[77.2122556,28.6173496],[77.2123206,28.6173558],[77.2123544,28.6173544],[77.2123859,28.617353],[77.2124498,28.617341],[77.2125108,28.6173204]]}},{"type":"Feature","properties":{"osm_type":"way","osm_id":722082952,"name":"Subramaniyam Bharti Marg","kind":"road"},"geometry":{"type":"LineString","coordinates":[[77.223175,28.5973454],[77.2232724,28.5974019]]}},{"type":"Feature","properties":{"osm_type":"way","osm_id":722082953,"name":"Rotary 14","kind":"road"},"geometry":{"type":"LineString","coordinates":[[77.2202661,28.5971511],[77.2202719,28.5971728],[77.2202814,28.5971935],[77.2202943,28.5972126],[77.2203116,28.5972311],[77.2203321,28.5972468]]}},{"type":"Feature","properties":{"osm_type":"way","osm_id":722082954,"name":"Rotary 14","kind":"road"},"geometry":{"type":"LineString","coordinates":[[77.2205727,28.597211],[77.2205861,28.5971902],[77.2205955,28.5971677],[77.2206007,28.5971442],[77.2206015,28.5971203],[77.220598,28.5970966],[77.2205901,28.5970737]]}},{"type":"Feature","properties":{"osm_type":"way","osm_id":722443696,"name":"Sunheri Bagh Road","kind":"road"},"geometry":{"type":"LineString","coordinates":[[77.2120049,28.6101787],[77.2119615,28.6100898],[77.2119313,28.6100108],[77.2119333,28.6096212],[77.2119193,28.6093546],[77.2119138,28.6091979],[77.2119226,28.6085568],[77.2119494,28.6081283],[77.2119718,28.6079754],[77.2120012,28.6078676],[77.2120318,28.6077841],[77.2121103,28.6075937],[77.2121774,28.6074171],[77.2122069,28.6072735],[77.212231,28.6068049],[77.2122041,28.6066008],[77.2122015,28.6065812],[77.2121667,28.6062421],[77.2121264,28.6061385],[77.2119896,28.6060325],[77.2117187,28.6058724],[77.2112896,28.6056652],[77.211024,28.6055451],[77.2108128,28.6054324]]}},{"type":"Feature","properties":{"osm_type":"way","osm_id":729959834,"name":"rotary no 15","kind":"road"},"geometry":{"type":"LineString","coordinates":[[77.2242828,28.6098363],[77.2242744,28.6099294],[77.2243011,28.6100198]]}},{"type":"Feature","properties":{"osm_type":"way","osm_id":729959836,"name":"Akbar Road","kind":"road"},"geometry":{"type":"LineString","coordinates":[[77.2246852,28.6096334],[77.2246558,28.6096298]]}},{"type":"Feature","properties":{"osm_type":"way","osm_id":730290860,"name":"Maharishi Raman Marg","kind":"road"},"geometry":{"type":"LineString","coordinates":[[77.2289034,28.5915905],[77.2289482,28.5913417],[77.2289703,28.591219],[77.228988,28.591121],[77.2290108,28.5909943],[77.2290525,28.5907627],[77.2291925,28.5899203]]}},{"type":"Feature","properties":{"osm_type":"way","osm_id":730290861,"name":"Lodhi Road","kind":"road"},"geometry":{"type":"LineString","coordinates":[[77.2289703,28.591219],[77.2290681,28.5912322],[77.2292251,28.5912533]]}},{"type":"Feature","properties":{"osm_type":"way","osm_id":730290862,"name":"","kind":"road"},"geometry":{"type":"LineString","coordinates":[[77.2285253,28.5911591],[77.2286865,28.5913023],[77.2288082,28.5915911]]}},{"type":"Feature","properties":{"osm_type":"way","osm_id":730290863,"name":"","kind":"road"},"geometry":{"type":"LineString","coordinates":[[77.2289034,28.5915905],[77.2292251,28.5912533]]}},{"type":"Feature","properties":{"osm_type":"way","osm_id":730290864,"name":"IV Avenue Road","kind":"road"},"geometry":{"type":"LineString","coordinates":[[77.2237517,28.590609],[77.2277704,28.5910458],[77.2285253,28.5911591],[77.2287165,28.5911848],[77.2288449,28.5912021],[77.2289703,28.591219]]}},{"type":"Feature","properties":{"osm_type":"way","osm_id":732001894,"name":"Shahjahan Road","kind":"road"},"geometry":{"type":"LineString","coordinates":[[77.2248167,28.6042215],[77.2244183,28.6037685]]}},{"type":"Feature","properties":{"osm_type":"way","osm_id":732001895,"name":"Humayun Road","kind":"road"},"geometry":{"type":"LineString","coordinates":[[77.2299629,28.6019451],[77.2301016,28.6018734],[77.2301453,28.6018366],[77.2302206,28.6017446],[77.230253,28.6016982],[77.2302767,28.6016515]]}},{"type":"Feature","properties":{"osm_type":"way","osm_id":732001896,"name":"Subramaniyam Bharti Marg","kind":"road"},"geometry":{"type":"LineString","coordinates":[[77.2282809,28.6004189],[77.2283188,28.6004435]]}},{"type":"Feature","properties":{"osm_type":"way","osm_id":732001897,"name":"Subramaniyam Bharti Marg","kind":"road"},"geometry":{"type":"LineString","coordinates":[[77.2232724,28.5974019],[77.2233749,28.597466],[77.2236068,28.5975988],[77.2237789,28.5977008],[77.2244818,28.598122],[77.2252285,28.5985666],[77.2252544,28.598582],[77.2259214,28.5989789],[77.2262302,28.5991626]]}},{"type":"Feature","properties":{"osm_type":"way","osm_id":732001898,"name":"","kind":"road"},"geometry":{"type":"LineString","coordinates":[[77.2283189,28.6003728],[77.2282809,28.6004189]]}},{"type":"Feature","properties":{"osm_type":"way","osm_id":732001905,"name":"Subramaniyam Bharti Marg","kind":"road"},"geometry":{"type":"LineString","coordinates":[[77.2303171,28.6015743],[77.2302616,28.6015367]]}},{"type":"Feature","properties":{"osm_type":"way","osm_id":732001906,"name":"Maharishi Raman Marg","kind":"road"},"geometry":{"type":"LineString","coordinates":[[77.2283188,28.6004435],[77.2283602,28.600401]]}},{"type":"Feature","properties":{"osm_type":"way","osm_id":732001907,"name":"","kind":"road"},"geometry":{"type":"LineString","coordinates":[[77.228681,28.6005806],[77.2286082,28.6004383],[77.2285692,28.6003621],[77.2285089,28.6002126],[77.2284493,28.600051]]}},{"type":"Feature","properties":{"osm_type":"way","osm_id":732001908,"name":"Subramaniyam Bharti Marg","kind":"road"},"geometry":{"type":"LineString","coordinates":[[77.228681,28.6005806],[77.2285519,28.6005083],[77.2283602,28.600401]]}},{"type":"Feature","properties":{"osm_type":"way","osm_id":749606301,"name":"rotary no 10","kind":"road"},"geometry":{"type":"LineString","coordinates":[[77.2110821,28.5974457],[77.2110299,28.5974679]]}},{"type":"Feature","properties":{"osm_type":"way","osm_id":758488034,"name":"","kind":"road"},"geometry":{"type":"LineString","coordinates":[[77.2181041,28.6102417],[77.2181111,28.6102795],[77.218129,28.6103144]]}},{"type":"Feature","properties":{"osm_type":"way","osm_id":758488035,"name":"","kind":"road"},"geometry":{"type":"LineString","coordinates":[[77.218411,28.6103158],[77.2184283,28.6102839],[77.2184364,28.6102493],[77.2184348,28.610214],[77.2184236,28.61018],[77.2184035,28.6101495],[77.2183755,28.610124]]}},{"type":"Feature","properties":{"osm_type":"way","osm_id":758488036,"name":"rotary no 15","kind":"road"},"geometry":{"type":"LineString","coordinates":[[77.2244897,28.6096378],[77.2244427,28.6096581],[77.2243975,28.6096817]]}},{"type":"Feature","properties":{"osm_type":"way","osm_id":758488037,"name":"","kind":"road"},"geometry":{"type":"LineString","coordinates":[[77.2182575,28.6103831],[77.2182934,28.6103822],[77.2183282,28.6103745]]}},{"type":"Feature","properties":{"osm_type":"way","osm_id":758488038,"name":"Rotary Number 34","kind":"road"},"geometry":{"type":"LineString","coordinates":[[77.2123089,28.610651],[77.2123278,28.6105856],[77.2123324,28.6105184],[77.2123226,28.6104515]]}},{"type":"Feature","properties":{"osm_type":"way","osm_id":758753872,"name":"","kind":"road"},"geometry":{"type":"LineString","coordinates":[[77.2123226,28.6104515],[77.2123164,28.6104301]]}},{"type":"Feature","properties":{"osm_type":"way","osm_id":758753873,"name":"Rotary Number 34","kind":"road"},"geometry":{"type":"LineString","coordinates":[[77.2123164,28.6104301],[77.2122931,28.6103764],[77.2122603,28.6103266],[77.2122189,28.6102821]]}},{"type":"Feature","properties":{"osm_type":"way","osm_id":758753874,"name":"Motilal Nehru Place","kind":"road"},"geometry":{"type":"LineString","coordinates":[[77.2172353,28.6073393],[77.2172981,28.6074434],[77.2173809,28.6075361],[77.217481,28.6076146]]}},{"type":"Feature","properties":{"osm_type":"way","osm_id":758753875,"name":"Motilal Nehru Place","kind":"road"},"geometry":{"type":"LineString","coordinates":[[77.2178314,28.6062271],[77.217719,28.6062726],[77.2176183,28.6063361]]}},{"type":"Feature","properties":{"osm_type":"way","osm_id":758753876,"name":"Rajesh Pilot Marg","kind":"road"},"geometry":{"type":"LineString","coordinates":[[77.2188853,28.5983689],[77.218402,28.5991589],[77.2179367,28.5999205],[77.2177694,28.6001942]]}},{"type":"Feature","properties":{"osm_type":"way","osm_id":758753877,"name":"Prithviraj Road","kind":"road"},"geometry":{"type":"LineString","coordinates":[[77.2188271,28.5979586],[77.2189517,28.5980932],[77.2190133,28.5981597]]}},{"type":"Feature","properties":{"osm_type":"way","osm_id":758753878,"name":"Prithviraj Road","kind":"road"},"geometry":{"type":"LineString","coordinates":[[77.2190133,28.5981597],[77.2190757,28.5982267],[77.2191279,28.5982799],[77.2192776,28.5984326],[77.2194779,28.5986383],[77.219792,28.5990189],[77.220105,28.5993378],[77.2205936,28.5998055],[77.2206822,28.5998992],[77.2207695,28.5999809],[77.2211425,28.600344],[77.2212287,28.6004367],[77.2216505,28.6008905],[77.2221706,28.6014429],[77.2228205,28.6021202],[77.223001,28.6023101],[77.2232826,28.6025816],[77.2233596,28.6026444],[77.2235358,28.6028275],[77.2235637,28.6028861],[77.2235704,28.6029236],[77.2235822,28.60299],[77.2236355,28.6031365],[77.2236765,28.603222]]}},{"type":"Feature","properties":{"osm_type":"way","osm_id":758753879,"name":"Rajesh Pilot Marg","kind":"road"},"geometry":{"type":"LineString","coordinates":[[77.2190764,28.5980769],[77.2190133,28.5981597]]}},{"type":"Feature","properties":{"osm_type":"way","osm_id":758753885,"name":"Motilal Nehru Place","kind":"road"},"geometry":{"type":"LineString","coordinates":[[77.2183502,28.6062862],[77.2182504,28.6062394],[77.2181424,28.6062102]]}},{"type":"Feature","properties":{"osm_type":"way","osm_id":758753889,"name":"Motilal Nehru Place","kind":"road"},"geometry":{"type":"LineString","coordinates":[[77.2171844,28.6069808],[77.2171762,28.6071024],[77.2171933,28.6072232],[77.2172353,28.6073393]]}},{"type":"Feature","properties":{"osm_type":"way","osm_id":758753890,"name":"Motilal Nehru Place","kind":"road"},"geometry":{"type":"LineString","coordinates":[[77.2176183,28.6063361],[77.2174873,28.6064478],[77.2173762,28.6065751],[77.2172473,28.6068001],[77.2172189,28.6068766],[77.2171844,28.6069808]]}},{"type":"Feature","properties":{"osm_type":"way","osm_id":758753891,"name":"Motilal Nehru Place","kind":"road"},"geometry":{"type":"LineString","coordinates":[[77.2185054,28.6063937],[77.2183502,28.6062862]]}},{"type":"Feature","properties":{"osm_type":"way","osm_id":758753892,"name":"Motilal Nehru Place","kind":"road"},"geometry":{"type":"LineString","coordinates":[[77.2181424,28.6062102],[77.2179856,28.6062004],[77.2178314,28.6062271]]}},{"type":"Feature","properties":{"osm_type":"way","osm_id":758753893,"name":"Motilal Nehru Marg","kind":"road"},"geometry":{"type":"LineString","coordinates":[[77.2124976,28.6102747],[77.2125478,28.6102327],[77.2129206,28.6100349],[77.2135482,28.6097006],[77.2137869,28.609564],[77.214377,28.6092296],[77.2148303,28.6089895],[77.2153936,28.608648],[77.2157664,28.608422],[77.21615,28.6081818],[77.2166274,28.6079063],[77.2170655,28.6076353],[77.2171765,28.6075727],[77.2172624,28.6075409],[77.2173482,28.6075538],[77.217481,28.6076146]]}},{"type":"Feature","properties":{"osm_type":"way","osm_id":758753894,"name":"Motilal Nehru Marg","kind":"road"},"geometry":{"type":"LineString","coordinates":[[77.2172353,28.6073393],[77.2171871,28.6073956],[77.2171218,28.6074916],[77.217024,28.6075882]]}},{"type":"Feature","properties":{"osm_type":"way","osm_id":758753895,"name":"Motilal Nehru Marg","kind":"road"},"geometry":{"type":"LineString","coordinates":[[77.2123164,28.6104301],[77.2123627,28.6103919],[77.2124119,28.6103357],[77.212454,28.6103],[77.2124976,28.6102747]]}},{"type":"Feature","properties":{"osm_type":"way","osm_id":758753896,"name":"Motilal Nehru Marg","kind":"road"},"geometry":{"type":"LineString","coordinates":[[77.2124425,28.6101994],[77.2122189,28.6102821]]}},{"type":"Feature","properties":{"osm_type":"way","osm_id":760525675,"name":"Second Avenue","kind":"road"},"geometry":{"type":"LineString","coordinates":[[77.2196795,28.5902105],[77.2196918,28.5900977]]}},{"type":"Feature","properties":{"osm_type":"way","osm_id":760525676,"name":"Lodhi Road","kind":"road"},"geometry":{"type":"LineString","coordinates":[[77.2196918,28.5900977],[77.2196468,28.5900926],[77.2184171,28.5899521],[77.2179865,28.5899029],[77.2165908,28.5897613],[77.2131382,28.5894196],[77.2129715,28.5894237]]}},{"type":"Feature","properties":{"osm_type":"way","osm_id":760525677,"name":"Lodhi Road","kind":"road"},"geometry":{"type":"LineString","coordinates":[[77.2196795,28.5902105],[77.2206453,28.590288],[77.220689,28.5902921],[77.2208935,28.5903173],[77.2234536,28.5905814],[77.2235562,28.590592],[77.2236119,28.5905971]]}},{"type":"Feature","properties":{"osm_type":"way","osm_id":760525679,"name":"Rotary 14","kind":"road"},"geometry":{"type":"LineString","coordinates":[[77.2203306,28.5970098],[77.2203112,28.597025],[77.2202946,28.5970426],[77.2202814,28.5970622],[77.2202717,28.5970834],[77.2202659,28.5971056],[77.220264,28.5971284],[77.2202661,28.5971511]]}},{"type":"Feature","properties":{"osm_type":"way","osm_id":760536610,"name":"Rafi Ahmed Kidwai Marg","kind":"road"},"geometry":{"type":"LineString","coordinates":[[77.2123587,28.6162872],[77.2123355,28.6159],[77.2122908,28.6152361]]}},{"type":"Feature","properties":{"osm_type":"way","osm_id":760536611,"name":"Rafi Ahmed Kidwai Marg","kind":"road"},"geometry":{"type":"LineString","coordinates":[[77.212197,28.6152391],[77.2122041,28.6153487],[77.2122111,28.6154592],[77.2122636,28.6162909],[77.2122686,28.6163693],[77.2122651,28.6164601],[77.212244,28.616542],[77.2121862,28.6166226],[77.2121181,28.6166904]]}},{"type":"Feature","properties":{"osm_type":"way","osm_id":760536612,"name":"Rafi Ahmed Kidwai Marg","kind":"road"},"geometry":{"type":"LineString","coordinates":[[77.2120242,28.6110586],[77.2120455,28.6109623],[77.212071,28.6109089],[77.2121057,28.6108517]]}},{"type":"Feature","properties":{"osm_type":"way","osm_id":760817625,"name":"Motilal Nehru Place","kind":"road"},"geometry":{"type":"LineString","coordinates":[[77.2179013,28.6077166],[77.218301,28.6076902]]}},{"type":"Feature","properties":{"osm_type":"way","osm_id":760817626,"name":"Motilal Nehru Place","kind":"road"},"geometry":{"type":"LineString","coordinates":[[77.217481,28.6076146],[77.2175489,28.6076467],[77.2176658,28.6076876],[77.217768,28.6077069],[77.2179013,28.6077166]]}},{"type":"Feature","properties":{"osm_type":"way","osm_id":760817627,"name":"","kind":"road"},"geometry":{"type":"LineString","coordinates":[[77.2183282,28.6103745],[77.2183751,28.6103511],[77.218411,28.6103158]]}},{"type":"Feature","properties":{"osm_type":"way","osm_id":760817628,"name":"","kind":"road"},"geometry":{"type":"LineString","coordinates":[[77.2183755,28.610124],[77.2183563,28.6101122],[77.2183353,28.6101028],[77.2183131,28.6100961]]}},{"type":"Feature","properties":{"osm_type":"way","osm_id":760817629,"name":"","kind":"road"},"geometry":{"type":"LineString","coordinates":[[77.2181677,28.6101225],[77.2181426,28.6101438],[77.2181232,28.6101694]]}},{"type":"Feature","properties":{"osm_type":"way","osm_id":760817631,"name":"Maulana Azad Road","kind":"road"},"geometry":{"type":"LineString","coordinates":[[77.2123089,28.610651],[77.2123653,28.6105991],[77.2124269,28.6105646],[77.2125247,28.6105462],[77.2125961,28.6105418],[77.213206,28.6105038],[77.2136992,28.6104832],[77.2138293,28.6104778],[77.2146678,28.610452],[77.2153464,28.6104191],[77.2159714,28.6103838],[77.2163378,28.6103787],[77.217291,28.6103225],[77.217755,28.6102872],[77.2179332,28.6102788],[77.2179803,28.6102802],[77.218129,28.6103144]]}},{"type":"Feature","properties":{"osm_type":"way","osm_id":760817632,"name":"Maulana Azad Road","kind":"road"},"geometry":{"type":"LineString","coordinates":[[77.2181232,28.6101694],[77.2179964,28.6101954],[77.2179314,28.6102051],[77.2178435,28.6102119],[77.2172239,28.6102613],[77.21643,28.6102919],[77.2156727,28.6103181],[77.2148475,28.6103673],[77.2138497,28.6104026],[77.2130504,28.6104473],[77.2125903,28.6104716],[77.2124711,28.6104779],[77.2124106,28.6104703],[77.2123226,28.6104515]]}},{"type":"Feature","properties":{"osm_type":"way","osm_id":766036526,"name":"Second Avenue","kind":"road"},"geometry":{"type":"LineString","coordinates":[[77.2196918,28.5900977],[77.2196977,28.5900485],[77.2197018,28.5900144],[77.2197564,28.5894065],[77.219782,28.5891216],[77.2198639,28.5885012],[77.2198942,28.5882185],[77.2199511,28.5877546],[77.2199678,28.5876269],[77.2200858,28.5867805],[77.2202228,28.5859099]]}},{"type":"Feature","properties":{"osm_type":"way","osm_id":783084112,"name":"Humayun Road","kind":"road"},"geometry":{"type":"LineString","coordinates":[[77.2303171,28.6015743],[77.2302215,28.6016153]]}},{"type":"Feature","properties":{"osm_type":"way","osm_id":783084113,"name":"Humayun Road","kind":"road"},"geometry":{"type":"LineString","coordinates":[[77.2292687,28.6022773],[77.2293855,28.602232],[77.2297023,28.6020746],[77.2299629,28.6019451]]}},{"type":"Feature","properties":{"osm_type":"way","osm_id":815396487,"name":"","kind":"park"},"geometry":{"type":"LineString","coordinates":[[77.2306237,28.5929213],[77.2308675,28.592933],[77.2308339,28.5934732],[77.23059,28.5934616],[77.2306237,28.5929213]]}},{"type":"Feature","properties":{"osm_type":"way","osm_id":815396488,"name":"","kind":"park"},"geometry":{"type":"LineString","coordinates":[[77.2309595,28.5934992],[77.2309864,28.5931318],[77.2309917,28.5929575],[77.2312439,28.5929599],[77.2312304,28.593511],[77.2309595,28.5934992]]}},{"type":"Feature","properties":{"osm_type":"way","osm_id":815396489,"name":"","kind":"park"},"geometry":{"type":"LineString","coordinates":[[77.2304526,28.5946084],[77.2304928,28.5941186],[77.2308362,28.5941304],[77.2308227,28.5946296],[77.2304526,28.5946084]]}},{"type":"Feature","properties":{"osm_type":"way","osm_id":815396490,"name":"","kind":"park"},"geometry":{"type":"LineString","coordinates":[[77.23093,28.5946108],[77.2309488,28.5941209],[77.2312304,28.5941421],[77.231217,28.5946226],[77.23093,28.5946108]]}},{"type":"Feature","properties":{"osm_type":"way","osm_id":815396491,"name":"","kind":"park"},"geometry":{"type":"LineString","coordinates":[[77.230458,28.5957341],[77.2304902,28.5953102],[77.2308227,28.5953197],[77.2308067,28.5957577],[77.230458,28.5957341]]}},{"type":"Feature","properties":{"osm_type":"way","osm_id":815396492,"name":"","kind":"park"},"geometry":{"type":"LineString","coordinates":[[77.2309113,28.5961157],[77.2312465,28.5961204],[77.2312385,28.5955858],[77.2312331,28.5953503],[77.2309247,28.5953503],[77.230922,28.5957742],[77.2309113,28.5961157]]}},{"type":"Feature","properties":{"osm_type":"way","osm_id":815396493,"name":"","kind":"park"},"geometry":{"type":"LineString","coordinates":[[77.2309139,28.5962522],[77.2312439,28.5962522],[77.2312385,28.5965584],[77.2312224,28.5970106],[77.2308925,28.5970059],[77.2309059,28.5966573],[77.2309139,28.5962522]]}},{"type":"Feature","properties":{"osm_type":"way","osm_id":815396494,"name":"","kind":"park"},"geometry":{"type":"LineString","coordinates":[[77.2303855,28.5970035],[77.2304204,28.596589],[77.2308067,28.5965867],[77.230804,28.5970153],[77.2303855,28.5970035]]}},{"type":"Feature","properties":{"osm_type":"way","osm_id":815396495,"name":"","kind":"park"},"geometry":{"type":"LineString","coordinates":[[77.2303265,28.5981551],[77.2303507,28.5977406],[77.2307798,28.5977453],[77.2307557,28.5981763],[77.2303265,28.5981551]]}},{"type":"Feature","properties":{"osm_type":"way","osm_id":815396496,"name":"","kind":"park"},"geometry":{"type":"LineString","coordinates":[[77.230863,28.5981669],[77.230871,28.5977406],[77.2312734,28.597743],[77.2312412,28.5981857],[77.230863,28.5981669]]}},{"type":"Feature","properties":{"osm_type":"way","osm_id":815396497,"name":"","kind":"park"},"geometry":{"type":"LineString","coordinates":[[77.2307959,28.5993985],[77.2310293,28.5995445],[77.2312546,28.5995422],[77.231268,28.5990123],[77.2312599,28.5989322],[77.2308013,28.5989204],[77.2307932,28.599276],[77.2307959,28.5993985]]}},{"type":"Feature","properties":{"osm_type":"way","osm_id":815396498,"name":"","kind":"park"},"geometry":{"type":"LineString","coordinates":[[77.2307691,28.6000061],[77.2307798,28.5997282],[77.2309703,28.5996481],[77.2313806,28.5996575],[77.2313377,28.599893],[77.2310373,28.6000485],[77.2307637,28.6000555],[77.2307691,28.6000061]]}},{"type":"Feature","properties":{"osm_type":"way","osm_id":815396499,"name":"","kind":"park"},"geometry":{"type":"LineString","coordinates":[[77.2302407,28.5998554],[77.2305089,28.5998577],[77.2305411,28.5996575],[77.2306109,28.5994786],[77.2306699,28.5994009],[77.2307047,28.5989204],[77.230238,28.5989228],[77.2302407,28.5994126],[77.2302407,28.5998554]]}},{"type":"Feature","properties":{"osm_type":"way","osm_id":815396500,"name":"","kind":"park"},"geometry":{"type":"LineString","coordinates":[[77.2292885,28.6007879],[77.2295997,28.6003946],[77.2300074,28.6006254],[77.2296989,28.6010352],[77.2292885,28.6007879]]}},{"type":"Feature","properties":{"osm_type":"way","osm_id":965578588,"name":"Subramaniyam Bharti Marg","kind":"road"},"geometry":{"type":"LineString","coordinates":[[77.2273292,28.5998331],[77.2281795,28.6003561],[77.2282809,28.6004189]]}},{"type":"Feature","properties":{"osm_type":"way","osm_id":994825988,"name":"","kind":"road"},"geometry":{"type":"LineString","coordinates":[[77.218129,28.6103144],[77.2181839,28.6103622],[77.2182575,28.6103831]]}},{"type":"Feature","properties":{"osm_type":"way","osm_id":997761540,"name":"","kind":"road"},"geometry":{"type":"LineString","coordinates":[[77.2181232,28.6101694],[77.2181083,28.6102045],[77.2181041,28.6102417]]}},{"type":"Feature","properties":{"osm_type":"way","osm_id":998790362,"name":"Raisina Road","kind":"road"},"geometry":{"type":"LineString","coordinates":[[77.2126653,28.6171987],[77.2127645,28.6172338],[77.2130578,28.617335],[77.2131356,28.6173637],[77.2132387,28.6173986]]}},{"type":"Feature","properties":{"osm_type":"way","osm_id":1005501931,"name":"Krishna Menon Marg","kind":"road"},"geometry":{"type":"LineString","coordinates":[[77.2112278,28.6043281],[77.2112309,28.604419],[77.2112207,28.6045264],[77.2112129,28.6046232],[77.2111827,28.6047301],[77.2111529,28.6048072]]}},{"type":"Feature","properties":{"osm_type":"way","osm_id":1005501932,"name":"Krishna Menon Marg","kind":"road"},"geometry":{"type":"LineString","coordinates":[[77.2111529,28.6048072],[77.2112686,28.6047086],[77.2113,28.6046761],[77.2113731,28.6046105],[77.2114883,28.6044481]]}},{"type":"Feature","properties":{"osm_type":"way","osm_id":1034066933,"name":"","kind":"park"},"geometry":{"type":"LineString","coordinates":[[77.2279084,28.6130944],[77.228886,28.6130397],[77.2289638,28.6130671],[77.2290214,28.6131381],[77.2290962,28.6131778],[77.2292129,28.613201],[77.2293592,28.6132201],[77.229504,28.6132283],[77.229627,28.613216],[77.2297468,28.6131914],[77.2298916,28.6131545],[77.2299928,28.6131067],[77.2300566,28.6130315],[77.230108,28.6129919],[77.2302185,28.612981],[77.2303399,28.6129782],[77.2304131,28.6129933],[77.2304738,28.6130452],[77.2305112,28.6131067],[77.2305563,28.6131778],[77.2306014,28.6132324],[77.2305625,28.6132652],[77.2306201,28.6133472],[77.2306108,28.6134019],[77.2305485,28.6134948],[77.2302434,28.6140305],[77.2295849,28.615203],[77.2295024,28.6152358],[77.2293063,28.6152604],[77.2291537,28.6152016],[77.2283038,28.6147725],[77.228198,28.6146898],[77.2281139,28.6146031],[77.2280571,28.6145358],[77.2280298,28.6144432],[77.2280087,28.6143098],[77.2279863,28.6141056],[77.2279668,28.6139533],[77.2279551,28.6137879],[77.2279286,28.6136239],[77.2279139,28.6134352],[77.2278788,28.6131942],[77.2278821,28.613134],[77.2278915,28.6131127],[77.2279084,28.6130944]]}},{"type":"Feature","properties":{"osm_type":"way","osm_id":1034067275,"name":"","kind":"park"},"geometry":{"type":"LineString","coordinates":[[77.2319468,28.6127384],[77.2319468,28.6126643],[77.2321614,28.6126588],[77.232169,28.6125854],[77.2321968,28.6124854],[77.2322562,28.6123715],[77.2323574,28.6122389],[77.2324237,28.6121757],[77.2325009,28.6121153],[77.2325872,28.6120626],[77.2326718,28.6120214],[77.2328292,28.611969],[77.2329591,28.6119501],[77.2329449,28.6116872],[77.232941,28.6115193],[77.2328569,28.6115212],[77.2328466,28.6113204],[77.2326957,28.6113257],[77.2326863,28.6111436],[77.2323526,28.6111626],[77.232245,28.6111692],[77.2319381,28.6116898],[77.231586,28.6122618],[77.2315877,28.6123212],[77.2316494,28.612379],[77.2317211,28.6124837],[77.231762,28.6125628],[77.231797,28.6126558],[77.2318121,28.6126946],[77.2318354,28.6127217],[77.2318563,28.6127364],[77.2318764,28.6127401],[77.2319468,28.6127384]]}},{"type":"Feature","properties":{"osm_type":"way","osm_id":1034067339,"name":"","kind":"park"},"geometry":{"type":"LineString","coordinates":[[77.2323993,28.6108785],[77.2326437,28.6104631],[77.2327216,28.6104139],[77.2328461,28.6104016],[77.2337505,28.6108157],[77.2323993,28.6108785]]}},{"type":"Feature","properties":{"osm_type":"way","osm_id":1034067799,"name":"","kind":"park"},"geometry":{"type":"LineString","coordinates":[[77.2342812,28.6126164],[77.2342027,28.6126174],[77.2341912,28.6126099],[77.2341898,28.6125677],[77.2339535,28.6125773],[77.2339435,28.6125138],[77.233914,28.6124489],[77.233865,28.6123657],[77.233813,28.6122935],[77.2337492,28.6122249],[77.2336529,28.6121394],[77.2335709,28.6120858],[77.2334949,28.6120481],[77.2334041,28.6120104],[77.2333265,28.6119877],[77.2332253,28.6119616],[77.2331311,28.61195],[77.2330459,28.6119517],[77.2330375,28.6117843],[77.2330227,28.6115151],[77.2331034,28.611514],[77.2331006,28.6113037],[77.2332522,28.6113024],[77.2332446,28.6111237],[77.2341942,28.6110848],[77.2342726,28.6112946],[77.2343017,28.6117086],[77.234335,28.612267],[77.2343118,28.6125223],[77.2343067,28.6125789],[77.2342962,28.612601],[77.2342812,28.6126164]]}},{"type":"Feature","properties":{"osm_type":"way","osm_id":1034068002,"name":"","kind":"park"},"geometry":{"type":"LineString","coordinates":[[77.2319558,28.6128628],[77.2319569,28.6129338],[77.2320841,28.6129295],[77.2321809,28.6129247],[77.2321958,28.6129783],[77.2322167,28.6130348],[77.2322387,28.6130942],[77.2322872,28.6131773],[77.2323394,28.6132358],[77.2324055,28.6133063],[77.2324655,28.6133566],[77.2325508,28.6134117],[77.2326262,28.6134513],[77.2327192,28.6134861],[77.2328023,28.6135155],[77.2328953,28.6135378],[77.2329724,28.6135436],[77.2330632,28.6135436],[77.2330745,28.6137623],[77.2330891,28.6139712],[77.2330093,28.613972],[77.2330172,28.6141841],[77.2328715,28.614186],[77.2328787,28.6143705],[77.2324662,28.6143842],[77.2320366,28.6137583],[77.2317112,28.6133402],[77.2316894,28.6132941],[77.2316956,28.6132553],[77.2317253,28.6132057],[77.2317808,28.6130876],[77.2318075,28.6129929],[77.2318239,28.6129217],[77.2318299,28.6129005],[77.2318532,28.6128817],[77.2318815,28.6128635],[77.2319558,28.6128628]]}},{"type":"Feature","properties":{"osm_type":"way","osm_id":1034069165,"name":"","kind":"park"},"geometry":{"type":"LineString","coordinates":[[77.2341991,28.6127927],[77.2341991,28.6127449],[77.2342855,28.6127436],[77.2343069,28.6127659],[77.2343301,28.6128035],[77.2343509,28.6128472],[77.2343643,28.6128983],[77.2344264,28.6141101],[77.2343897,28.6141995],[77.2343279,28.6142683],[77.2342595,28.6143203],[77.2334447,28.614346],[77.2334307,28.6141663],[77.2332812,28.6141682],[77.2332642,28.6139616],[77.2331723,28.6139643],[77.2331564,28.6135428],[77.2332011,28.6135392],[77.2332733,28.6135268],[77.2333786,28.6134953],[77.2334672,28.6134589],[77.2335409,28.6134203],[77.2336103,28.6133811],[77.2336905,28.6133155],[77.2337591,28.6132501],[77.2338187,28.6131784],[77.2338739,28.6130974],[77.2339135,28.6130181],[77.2339403,28.6129476],[77.2339581,28.6128501],[77.2339712,28.6128208],[77.2339995,28.6128004],[77.2340409,28.6127943],[77.2341991,28.6127927]]}},{"type":"Feature","properties":{"osm_type":"way","osm_id":1034069270,"name":"","kind":"park"},"geometry":{"type":"LineString","coordinates":[[77.2329387,28.6150073],[77.2326915,28.6146792],[77.2338395,28.6146355],[77.233437,28.6148929],[77.2331591,28.6150712],[77.2330939,28.6150931],[77.2329962,28.6150696],[77.2329387,28.6150073]]}},{"type":"Feature","properties":{"osm_type":"way","osm_id":1034069905,"name":"","kind":"park"},"geometry":{"type":"LineString","coordinates":[[77.230885,28.6135384],[77.2309094,28.613498],[77.2309473,28.6134754],[77.2310036,28.6134677],[77.231234,28.6134569],[77.2312875,28.6134462],[77.2313417,28.6134629],[77.2315063,28.613702],[77.2327296,28.6152878],[77.2327441,28.6153389],[77.2327094,28.6153859],[77.2314807,28.6160531],[77.2313656,28.6160773],[77.2312471,28.6160729],[77.2311529,28.6160538],[77.2299501,28.6155644],[77.2299027,28.6155208],[77.2298741,28.6154608],[77.2298653,28.6153494],[77.2299068,28.6152323],[77.2300793,28.6149735],[77.2303432,28.6144875],[77.230885,28.6135384]]}},{"type":"Feature","properties":{"osm_type":"way","osm_id":1053851211,"name":"Doctor Rajendra Prasad Road","kind":"road"},"geometry":{"type":"LineString","coordinates":[[77.217925,28.616708],[77.2172489,28.6167417],[77.2169658,28.6167558],[77.2167326,28.6167674],[77.2163619,28.6167872],[77.2160688,28.6168028],[77.2155579,28.6168301],[77.2154618,28.6168352],[77.2149948,28.6168602],[77.2146329,28.6168795],[77.2143104,28.6168942],[77.2142675,28.6168962],[77.2140599,28.616898],[77.2139674,28.6168995]]}},{"type":"Feature","properties":{"osm_type":"way","osm_id":1053851214,"name":"Doctor Rajendra Prasad Road","kind":"road"},"geometry":{"type":"LineString","coordinates":[[77.2181959,28.6167052],[77.2182648,28.6167313],[77.2184281,28.6167504],[77.2185127,28.6167575],[77.2185753,28.6167742]]}},{"type":"Feature","properties":{"osm_type":"way","osm_id":1053851215,"name":"Doctor Rajendra Prasad Road","kind":"road"},"geometry":{"type":"LineString","coordinates":[[77.2185665,28.6165898],[77.2184255,28.616638],[77.2182649,28.6166716],[77.2181959,28.6167052]]}},{"type":"Feature","properties":{"osm_type":"way","osm_id":1053851216,"name":"Kumaraswami Kamaraj Marg","kind":"road"},"geometry":{"type":"LineString","coordinates":[[77.2115712,28.6103493],[77.2113592,28.6102826]]}},{"type":"Feature","properties":{"osm_type":"way","osm_id":1053851217,"name":"Kumaraswami Kamaraj Marg","kind":"road"},"geometry":{"type":"LineString","coordinates":[[77.2113592,28.6102826],[77.2115362,28.6104349]]}},{"type":"Feature","properties":{"osm_type":"way","osm_id":1053851218,"name":"Kumaraswami Kamaraj Marg","kind":"road"},"geometry":{"type":"LineString","coordinates":[[77.2092721,28.6093488],[77.2113592,28.6102826]]}},{"type":"Feature","properties":{"osm_type":"way","osm_id":1066621585,"name":"Archbishop Makarios Marg","kind":"road"},"geometry":{"type":"LineString","coordinates":[[77.2325001,28.6028835],[77.2324319,28.6027209],[77.2323624,28.6025091],[77.2323452,28.6023177],[77.2323554,28.6018509]]}},{"type":"Feature","properties":{"osm_type":"way","osm_id":1077595194,"name":"Humayun Road","kind":"road"},"geometry":{"type":"LineString","coordinates":[[77.2298967,28.6018805],[77.2292504,28.6022075]]}},{"type":"Feature","properties":{"osm_type":"way","osm_id":1077595195,"name":"Humayun Road","kind":"road"},"geometry":{"type":"LineString","coordinates":[[77.2253631,28.6041654],[77.2251298,28.6042307],[77.225057,28.6042391],[77.2248167,28.6042215]]}},{"type":"Feature","properties":{"osm_type":"way","osm_id":1077595196,"name":"Humayun Road","kind":"road"},"geometry":{"type":"LineString","coordinates":[[77.2292504,28.6022075],[77.2291719,28.6022981]]}},{"type":"Feature","properties":{"osm_type":"way","osm_id":1126646522,"name":"Humayun Road","kind":"road"},"geometry":{"type":"LineString","coordinates":[[77.2250169,28.6044992],[77.2251371,28.6043732],[77.2251696,28.6043412],[77.225186,28.6043243],[77.225216,28.60429],[77.2252677,28.6042459],[77.2253137,28.6042101],[77.2253631,28.6041654]]}},{"type":"Feature","properties":{"osm_type":"way","osm_id":1126646523,"name":"Humayun Road","kind":"road"},"geometry":{"type":"LineString","coordinates":[[77.2291719,28.6022981],[77.2292687,28.6022773]]}},{"type":"Feature","properties":{"osm_type":"way","osm_id":1136885728,"name":"","kind":"park"},"geometry":{"type":"LineString","coordinates":[[77.2321084,28.6013277],[77.2321057,28.6003527],[77.23169,28.6006],[77.2316712,28.6010192],[77.2321084,28.6013277]]}},{"type":"Feature","properties":{"osm_type":"way","osm_id":1181942240,"name":"Janpath","kind":"road"},"geometry":{"type":"LineString","coordinates":[[77.2187301,28.6165528],[77.2187203,28.616482],[77.2187064,28.6164208],[77.2187021,28.6163367],[77.218701,28.6163148],[77.2186796,28.6158604],[77.2186474,28.6154036],[77.2186358,28.6151703]]}},{"type":"Feature","properties":{"osm_type":"way","osm_id":1182424430,"name":"Janpath","kind":"road"},"geometry":{"type":"LineString","coordinates":[[77.2184001,28.6114511],[77.2183821,28.6111643],[77.2183647,28.6108859],[77.2183633,28.6108643],[77.2183499,28.6106642],[77.2183436,28.6105289],[77.2183405,28.6104628],[77.2183344,28.6104183],[77.2183282,28.6103745]]}},{"type":"Feature","properties":{"osm_type":"way","osm_id":1187268473,"name":"Subramaniyam Bharti Marg","kind":"road"},"geometry":{"type":"LineString","coordinates":[[77.2356522,28.6047972],[77.2355436,28.6047314],[77.2351439,28.6044886],[77.2325001,28.6028835],[77.2321166,28.6026543],[77.2320243,28.6025991]]}},{"type":"Feature","properties":{"osm_type":"way","osm_id":1187268476,"name":"Subramaniyam Bharti Marg","kind":"road"},"geometry":{"type":"LineString","coordinates":[[77.2319718,28.6026752],[77.2322179,28.6028253],[77.2329856,28.6032935],[77.2339574,28.6038862],[77.2353517,28.6047365],[77.2354904,28.6048053],[77.2356102,28.6048649]]}},{"type":"Feature","properties":{"osm_type":"way","osm_id":1187268477,"name":"Subramaniyam Bharti Marg","kind":"road"},"geometry":{"type":"LineString","coordinates":[[77.2319215,28.6026445],[77.2319718,28.6026752]]}},{"type":"Feature","properties":{"osm_type":"way","osm_id":1187268478,"name":"Subramaniyam Bharti Marg","kind":"road"},"geometry":{"type":"LineString","coordinates":[[77.2318801,28.6026205],[77.2319215,28.6026445]]}},{"type":"Feature","properties":{"osm_type":"way","osm_id":1187268479,"name":"Archbishop Makarios Marg","kind":"road"},"geometry":{"type":"LineString","coordinates":[[77.2319418,28.6025521],[77.2318801,28.6026205]]}},{"type":"Feature","properties":{"osm_type":"way","osm_id":1187268480,"name":"Subramaniyam Bharti Marg","kind":"road"},"geometry":{"type":"LineString","coordinates":[[77.2319418,28.6025521],[77.2315951,28.602349],[77.2313555,28.6022038],[77.2306785,28.6017934],[77.230367,28.6016045]]}},{"type":"Feature","properties":{"osm_type":"way","osm_id":1187268482,"name":"Subramaniyam Bharti Marg","kind":"road"},"geometry":{"type":"LineString","coordinates":[[77.2320243,28.6025991],[77.2319418,28.6025521]]}},{"type":"Feature","properties":{"osm_type":"way","osm_id":1187268483,"name":"Subramaniyam Bharti Marg","kind":"road"},"geometry":{"type":"LineString","coordinates":[[77.2302767,28.6016515],[77.230487,28.6017817],[77.2311668,28.6021972],[77.2315302,28.6024178],[77.2317916,28.6025691],[77.2318801,28.6026205]]}},{"type":"Feature","properties":{"osm_type":"way","osm_id":1187268484,"name":"Humayun Road","kind":"road"},"geometry":{"type":"LineString","coordinates":[[77.2302767,28.6016515],[77.2303171,28.6015743]]}},{"type":"Feature","properties":{"osm_type":"way","osm_id":1187268485,"name":"Subramaniyam Bharti Marg","kind":"road"},"geometry":{"type":"LineString","coordinates":[[77.230367,28.6016045],[77.2303569,28.6015984],[77.2303171,28.6015743]]}},{"type":"Feature","properties":{"osm_type":"way","osm_id":1187268486,"name":"Subramaniyam Bharti Marg","kind":"road"},"geometry":{"type":"LineString","coordinates":[[77.2302616,28.6015367],[77.2295947,28.6011251]]}},{"type":"Feature","properties":{"osm_type":"way","osm_id":1187268487,"name":"Subramaniyam Bharti Marg","kind":"road"},"geometry":{"type":"LineString","coordinates":[[77.2302215,28.6016153],[77.2302767,28.6016515]]}},{"type":"Feature","properties":{"osm_type":"way","osm_id":1187268488,"name":"Humayun Road","kind":"road"},"geometry":{"type":"LineString","coordinates":[[77.2302215,28.6016153],[77.2301522,28.6016878],[77.2300683,28.6017755],[77.2300271,28.6018123],[77.2299835,28.6018397],[77.2298967,28.6018805]]}},{"type":"Feature","properties":{"osm_type":"way","osm_id":1187268489,"name":"Subramaniyam Bharti Marg","kind":"road"},"geometry":{"type":"LineString","coordinates":[[77.2295947,28.6011251],[77.2291771,28.600871],[77.228681,28.6005806]]}},{"type":"Feature","properties":{"osm_type":"way","osm_id":1187268490,"name":"Subramaniyam Bharti Marg","kind":"road"},"geometry":{"type":"LineString","coordinates":[[77.2295379,28.6011875],[77.2299215,28.601417]]}},{"type":"Feature","properties":{"osm_type":"way","osm_id":1187268491,"name":"Subramaniyam Bharti Marg","kind":"road"},"geometry":{"type":"LineString","coordinates":[[77.2283188,28.6004435],[77.2285117,28.6005585],[77.2291278,28.600931],[77.2295379,28.6011875]]}},{"type":"Feature","properties":{"osm_type":"way","osm_id":1187268492,"name":"Maharishi Raman Marg","kind":"road"},"geometry":{"type":"LineString","coordinates":[[77.2283602,28.600401],[77.2284087,28.6003157],[77.2284221,28.6002724],[77.2284493,28.600051]]}},{"type":"Feature","properties":{"osm_type":"way","osm_id":1187268493,"name":"Subramaniyam Bharti Marg","kind":"road"},"geometry":{"type":"LineString","coordinates":[[77.2283602,28.600401],[77.2283189,28.6003728]]}},{"type":"Feature","properties":{"osm_type":"way","osm_id":1187268494,"name":"Subramaniyam Bharti Marg","kind":"road"},"geometry":{"type":"LineString","coordinates":[[77.2283189,28.6003728],[77.2282141,28.6003082],[77.228095,28.6002332],[77.2273714,28.5997778]]}},{"type":"Feature","properties":{"osm_type":"way","osm_id":1187268495,"name":"Subramaniyam Bharti Marg","kind":"road"},"geometry":{"type":"LineString","coordinates":[[77.2273714,28.5997778],[77.226607,28.5993033],[77.2262772,28.5990985]]}},{"type":"Feature","properties":{"osm_type":"way","osm_id":1187268496,"name":"Subramaniyam Bharti Marg","kind":"road"},"geometry":{"type":"LineString","coordinates":[[77.2262772,28.5990985],[77.2260146,28.5989409],[77.2253159,28.5985217],[77.2252769,28.5984983],[77.2246123,28.5980952],[77.2236831,28.5975316],[77.2235827,28.5974707],[77.223436,28.5973838],[77.2233193,28.597319]]}},{"type":"Feature","properties":{"osm_type":"way","osm_id":1187268498,"name":"Subramaniyam Bharti Marg","kind":"road"},"geometry":{"type":"LineString","coordinates":[[77.2262302,28.5991626],[77.2273292,28.5998331]]}},{"type":"Feature","properties":{"osm_type":"way","osm_id":1187268499,"name":"Max Mueller Marg","kind":"road"},"geometry":{"type":"LineString","coordinates":[[77.2233193,28.597319],[77.2233383,28.5971644],[77.2233474,28.5969967],[77.2233474,28.5968319],[77.2233674,28.5966409],[77.2234117,28.5957988],[77.2234636,28.5948707],[77.2235068,28.5940018],[77.2235321,28.5934845],[77.2235369,28.5933478],[77.223552,28.593084],[77.2235653,28.5928287],[77.2235726,28.5926238],[77.2236021,28.5922005]]}},{"type":"Feature","properties":{"osm_type":"way","osm_id":1187268500,"name":"Subramaniyam Bharti Marg","kind":"road"},"geometry":{"type":"LineString","coordinates":[[77.2233193,28.597319],[77.2232305,28.5972676]]}},{"type":"Feature","properties":{"osm_type":"way","osm_id":1187268501,"name":"Max Mueller Marg","kind":"road"},"geometry":{"type":"LineString","coordinates":[[77.2236021,28.5922005],[77.2236068,28.5920302],[77.223649,28.5913603],[77.2236714,28.5909509],[77.2236969,28.5906972],[77.2237199,28.5906525],[77.2237517,28.590609]]}},{"type":"Feature","properties":{"osm_type":"way","osm_id":1187268502,"name":"Max Mueller Marg","kind":"road"},"geometry":{"type":"LineString","coordinates":[[77.2235379,28.5921954],[77.2235063,28.5928301],[77.2234918,28.5930776],[77.223485,28.5931945],[77.2234643,28.5934834],[77.2234582,28.5935666],[77.2234445,28.5939342],[77.2234351,28.5941335],[77.2234341,28.5942119],[77.2234024,28.5947732],[77.2233741,28.5953187],[77.2233366,28.5958627],[77.2233125,28.5964256],[77.2233017,28.5966635],[77.2232643,28.5969802]]}},{"type":"Feature","properties":{"osm_type":"way","osm_id":1187268503,"name":"Lodhi Road","kind":"road"},"geometry":{"type":"LineString","coordinates":[[77.2236119,28.5905971],[77.2237517,28.590609]]}},{"type":"Feature","properties":{"osm_type":"way","osm_id":1187268504,"name":"Fourth Avenue Road","kind":"road"},"geometry":{"type":"LineString","coordinates":[[77.2236309,28.5904773],[77.2236119,28.5905971]]}},{"type":"Feature","properties":{"osm_type":"way","osm_id":1187268505,"name":"Lodhi Road","kind":"road"},"geometry":{"type":"LineString","coordinates":[[77.2236309,28.5904773],[77.2234683,28.5904606],[77.221339,28.5902521],[77.2198162,28.590103],[77.2196918,28.5900977]]}},{"type":"Feature","properties":{"osm_type":"way","osm_id":1187268506,"name":"Lodhi Road","kind":"road"},"geometry":{"type":"LineString","coordinates":[[77.2237659,28.5904974],[77.2236309,28.5904773]]}},{"type":"Feature","properties":{"osm_type":"way","osm_id":1187268508,"name":"Fourth Avenue Road","kind":"road"},"geometry":{"type":"LineString","coordinates":[[77.2237514,28.5897149],[77.2237058,28.5901541],[77.2236863,28.5902988],[77.2236817,28.5903331],[77.2236522,28.5904014],[77.2236309,28.5904773]]}},{"type":"Feature","properties":{"osm_type":"way","osm_id":1243637980,"name":"","kind":"park"},"geometry":{"type":"LineString","coordinates":[[77.2273003,28.6051745],[77.2276506,28.605007],[77.2276103,28.6049383],[77.2272599,28.6051058],[77.2273003,28.6051745]]}},{"type":"Feature","properties":{"osm_type":"way","osm_id":1243640648,"name":"","kind":"park"},"geometry":{"type":"LineString","coordinates":[[77.2291808,28.6052011],[77.2292179,28.6054851],[77.2291328,28.6055182],[77.2289748,28.6052351],[77.2291808,28.6052011]]}},{"type":"Feature","properties":{"osm_type":"way","osm_id":1243927875,"name":"","kind":"park"},"geometry":{"type":"LineString","coordinates":[[77.2292235,28.6015558],[77.2294194,28.6012928],[77.2290863,28.6011014],[77.2288903,28.6013644],[77.2292235,28.6015558]]}},{"type":"Feature","properties":{"osm_type":"way","osm_id":1245163818,"name":"","kind":"road"},"geometry":{"type":"LineString","coordinates":[[77.2290996,28.6101891],[77.2291783,28.6102956]]}},{"type":"Feature","properties":{"osm_type":"way","osm_id":1245163819,"name":"","kind":"road"},"geometry":{"type":"LineString","coordinates":[[77.2292462,28.6102561],[77.2291676,28.6101471]]}},{"type":"Feature","properties":{"osm_type":"way","osm_id":1248027223,"name":"Purana Quila Road","kind":"road"},"geometry":{"type":"LineString","coordinates":[[77.2379651,28.6157326],[77.2365917,28.6151241],[77.235563,28.6146967],[77.234977,28.6144696],[77.234916,28.6144154],[77.2348882,28.6143841],[77.2348601,28.6143572],[77.2348094,28.6142953],[77.2347633,28.6142284],[77.2347234,28.6141586],[77.2346901,28.6140861],[77.2346634,28.6140115]]}},{"type":"Feature","properties":{"osm_type":"way","osm_id":1248031153,"name":"","kind":"road"},"geometry":{"type":"LineString","coordinates":[[77.2347861,28.6145503],[77.2348882,28.6143841]]}},{"type":"Feature","properties":{"osm_type":"way","osm_id":1253176512,"name":"Safdarjung Road","kind":"road"},"geometry":{"type":"LineString","coordinates":[[77.212684,28.5915512],[77.21252,28.5915382],[77.2124903,28.5915359],[77.2122456,28.5915254],[77.2119767,28.5915139],[77.2115379,28.5914952],[77.209836,28.5914227],[77.20967,28.5914182],[77.2095345,28.5914509],[77.2094091,28.591564],[77.20909,28.5922386]]}},{"type":"Feature","properties":{"osm_type":"way","osm_id":1271156428,"name":"","kind":"park"},"geometry":{"type":"LineString","coordinates":[[77.2340288,28.6105091],[77.2341657,28.610273],[77.2346062,28.6102535],[77.2347725,28.6105001],[77.2346166,28.6105819],[77.2345775,28.6105535],[77.234519,28.6105285],[77.234454,28.6105232],[77.2344004,28.6105255],[77.2343601,28.6105338],[77.2342882,28.6105615],[77.2342365,28.6106036],[77.2340288,28.6105091]]}},{"type":"Feature","properties":{"osm_type":"way","osm_id":1271156429,"name":"","kind":"park"},"geometry":{"type":"LineString","coordinates":[[77.2279979,28.6155668],[77.2285451,28.6158199],[77.2287561,28.6154684],[77.2282089,28.6152153],[77.2279979,28.6155668]]}},{"type":"Feature","properties":{"osm_type":"way","osm_id":1271156430,"name":"","kind":"park"},"geometry":{"type":"LineString","coordinates":[[77.2272066,28.6158305],[77.2277098,28.6155683],[77.2274848,28.6152356],[77.2269816,28.6154977],[77.2272066,28.6158305]]}},{"type":"Feature","properties":{"osm_type":"way","osm_id":1271156433,"name":"","kind":"park"},"geometry":{"type":"LineString","coordinates":[[77.2185576,28.611131],[77.2185221,28.6104179],[77.2199783,28.610362],[77.2200029,28.6108546],[77.2191722,28.6108865],[77.2191832,28.611107],[77.2185576,28.611131]]}},{"type":"Feature","properties":{"osm_type":"way","osm_id":1271156434,"name":"","kind":"park"},"geometry":{"type":"LineString","coordinates":[[77.2223049,28.610927],[77.2226013,28.6109164],[77.2225773,28.6103986],[77.2222809,28.6104092],[77.2223049,28.610927]]}},{"type":"Feature","properties":{"osm_type":"way","osm_id":1271156435,"name":"","kind":"park"},"geometry":{"type":"LineString","coordinates":[[77.2234268,28.6108075],[77.2238982,28.6107857],[77.2239316,28.6107672],[77.2239587,28.610742],[77.2239776,28.6107116],[77.2239874,28.610678],[77.2239875,28.6106458],[77.2239792,28.6106146],[77.2239627,28.6105859],[77.2239392,28.6105613],[77.2239097,28.6105422],[77.223876,28.6105296],[77.223408,28.6105561],[77.2233719,28.6105628],[77.2233389,28.6105773],[77.2233112,28.6105987],[77.2232907,28.6106256],[77.2232786,28.6106563],[77.2232759,28.6106886],[77.2232828,28.6107209],[77.223299,28.6107505],[77.2233233,28.6107754],[77.2233542,28.610794],[77.2233895,28.6108049],[77.2234268,28.6108075]]}},{"type":"Feature","properties":{"osm_type":"way","osm_id":1271156441,"name":"","kind":"park"},"geometry":{"type":"LineString","coordinates":[[77.223929,28.6110636],[77.2241827,28.6110528],[77.2241711,28.610841],[77.2239174,28.6108518],[77.223929,28.6110636]]}},{"type":"Feature","properties":{"osm_type":"way","osm_id":1271156442,"name":"","kind":"park"},"geometry":{"type":"LineString","coordinates":[[77.2231244,28.6110895],[77.2233455,28.6110801],[77.2233342,28.6108758],[77.2231131,28.6108851],[77.2231244,28.6110895]]}},{"type":"Feature","properties":{"osm_type":"way","osm_id":1271156443,"name":"","kind":"park"},"geometry":{"type":"LineString","coordinates":[[77.2232759,28.6115804],[77.2240819,28.6115463],[77.2240566,28.6110865],[77.2232506,28.6111207],[77.2232759,28.6115804]]}},{"type":"Feature","properties":{"osm_type":"way","osm_id":1271885130,"name":"Doctor A.P.J. Abdul Kalam Marg","kind":"road"},"geometry":{"type":"LineString","coordinates":[[77.2110299,28.5974679],[77.2107896,28.5974426]]}},{"type":"Feature","properties":{"osm_type":"way","osm_id":1290450966,"name":"Doctor A.P.J. Abdul Kalam Marg","kind":"road"},"geometry":{"type":"LineString","coordinates":[[77.2115405,28.5978666],[77.2118774,28.5980257],[77.2127321,28.5984211],[77.212973,28.5985294],[77.2130686,28.5985711],[77.2138757,28.598917],[77.2139175,28.5989359],[77.2143261,28.5991308],[77.2146689,28.5992908],[77.215006,28.5994432],[77.215992,28.5998738],[77.2166302,28.6001473],[77.2168094,28.6002235],[77.2170161,28.6003158]]}},{"type":"Feature","properties":{"osm_type":"way","osm_id":1290450967,"name":"Doctor A.P.J. Abdul Kalam Marg","kind":"road"},"geometry":{"type":"LineString","coordinates":[[77.2170586,28.600238],[77.216674,28.6000706],[77.2162451,28.5998834],[77.215637,28.5996159],[77.2150483,28.5993592],[77.2147133,28.5992133],[77.2143689,28.5990606],[77.2139122,28.5988545],[77.213591,28.5987084],[77.2130192,28.5984523],[77.2127876,28.5983506],[77.2122696,28.5981252],[77.212107,28.5980519],[77.2115733,28.5978027]]}},{"type":"Feature","properties":{"osm_type":"way","osm_id":1290450968,"name":"Doctor A.P.J. Abdul Kalam Marg","kind":"road"},"geometry":{"type":"LineString","coordinates":[[77.2170161,28.6003158],[77.2172339,28.6004439]]}},{"type":"Feature","properties":{"osm_type":"way","osm_id":1290450969,"name":"Doctor Avul Pakir Jainulabdeen Abdul Kalam Marg","kind":"road"},"geometry":{"type":"LineString","coordinates":[[77.2115733,28.5978027],[77.2115052,28.5977708],[77.211355,28.5976159]]}},{"type":"Feature","properties":{"osm_type":"way","osm_id":1307222666,"name":"Kartavya Path","kind":"road"},"geometry":{"type":"LineString","coordinates":[[77.208773,28.613927],[77.2089826,28.6139108],[77.2091896,28.6138946],[77.2095113,28.6138792],[77.2119155,28.6137684],[77.2121071,28.6137596]]}},{"type":"Feature","properties":{"osm_type":"way","osm_id":1307222667,"name":"Rafi Ahmed Kidwai Marg","kind":"road"},"geometry":{"type":"LineString","coordinates":[[77.2122049,28.6137551],[77.2121876,28.6135518],[77.2121435,28.6128676]]}},{"type":"Feature","properties":{"osm_type":"way","osm_id":1307222668,"name":"Rafi Ahmed Kidwai Marg","kind":"road"},"geometry":{"type":"LineString","coordinates":[[77.2120463,28.6128615],[77.212072,28.6132539],[77.212088,28.6135566],[77.2121071,28.6137596]]}},{"type":"Feature","properties":{"osm_type":"way","osm_id":1307222669,"name":"Kartavya Path","kind":"road"},"geometry":{"type":"LineString","coordinates":[[77.2121071,28.6137596],[77.2122049,28.6137551]]}},{"type":"Feature","properties":{"osm_type":"way","osm_id":1327208476,"name":"","kind":"road"},"geometry":{"type":"LineString","coordinates":[[77.2139674,28.6168995],[77.2129533,28.6169618],[77.2128879,28.6169662],[77.2127407,28.6169761]]}},{"type":"Feature","properties":{"osm_type":"way","osm_id":1327208477,"name":"Raisina Road","kind":"road"},"geometry":{"type":"LineString","coordinates":[[77.2132387,28.6173986],[77.2135142,28.6175151],[77.2136322,28.617565],[77.2137187,28.6175978],[77.2138369,28.6176426]]}},{"type":"Feature","properties":{"osm_type":"way","osm_id":1327208478,"name":"","kind":"road"},"geometry":{"type":"LineString","coordinates":[[77.217925,28.616708],[77.2181435,28.6167057],[77.2181959,28.6167052]]}},{"type":"Feature","properties":{"osm_type":"way","osm_id":1329173706,"name":"Pandara Road","kind":"road"},"geometry":{"type":"LineString","coordinates":[[77.2311668,28.6021972],[77.2311844,28.6022543],[77.23119,28.6023072],[77.2311804,28.6023638],[77.2311589,28.6024168],[77.2311345,28.6024531],[77.2310945,28.6024898],[77.2309231,28.6025854],[77.2306591,28.6027697],[77.2306157,28.6028145],[77.2305625,28.6028945]]}},{"type":"Feature","properties":{"osm_type":"way","osm_id":1329173707,"name":"Pandara Road","kind":"road"},"geometry":{"type":"LineString","coordinates":[[77.2306456,28.6029456],[77.2307153,28.6028787],[77.2307509,28.6028445],[77.2310498,28.6026691],[77.2313907,28.6024618],[77.2314252,28.6024405],[77.2314632,28.602431],[77.2315302,28.6024178]]}},{"type":"Feature","properties":{"osm_type":"way","osm_id":1329173708,"name":"","kind":"road"},"geometry":{"type":"LineString","coordinates":[[77.230513,28.6029133],[77.2304963,28.6029324],[77.2304886,28.6029516],[77.2304874,28.6029719],[77.2304928,28.6029917],[77.2305044,28.6030093],[77.2305213,28.6030234],[77.2305422,28.6030327],[77.2305651,28.6030363],[77.2305883,28.6030341],[77.2306119,28.603025],[77.230631,28.6030098],[77.2306437,28.6029902],[77.2306488,28.602968],[77.2306456,28.6029456],[77.2306337,28.602924],[77.2306143,28.6029072],[77.2305896,28.602897],[77.2305625,28.6028945],[77.2305359,28.6029002],[77.230513,28.6029133]]}},{"type":"Feature","properties":{"osm_type":"way","osm_id":1409651787,"name":"","kind":"road"},"geometry":{"type":"LineString","coordinates":[[77.2283753,28.600156],[77.228293,28.6002314],[77.2281897,28.6002409],[77.228095,28.6002332]]}},{"type":"Feature","properties":{"osm_type":"way","osm_id":1409651794,"name":"","kind":"park"},"geometry":{"type":"LineString","coordinates":[[77.2217288,28.598401],[77.221342,28.5980076],[77.2214277,28.5979426],[77.22218,28.5979567],[77.2222377,28.5980154],[77.2217288,28.598401]]}},{"type":"Feature","properties":{"osm_type":"way","osm_id":1458721064,"name":"","kind":"road"},"geometry":{"type":"LineString","coordinates":[[77.2115317,28.5915983],[77.2115379,28.5914952]]}},{"type":"Feature","properties":{"osm_type":"way","osm_id":1459219622,"name":"","kind":"road"},"geometry":{"type":"LineString","coordinates":[[77.2236831,28.5975316],[77.2238296,28.5974074],[77.2238939,28.597331],[77.2239594,28.5972381],[77.2240035,28.5971385]]}},{"type":"Feature","properties":{"osm_type":"way","osm_id":1493678682,"name":"Rafi Ahmed Kidwai Marg","kind":"road"},"geometry":{"type":"LineString","coordinates":[[77.2121635,28.6147162],[77.212197,28.6152391]]}},{"type":"Feature","properties":{"osm_type":"way","osm_id":1493678683,"name":"Rafi Ahmed Kidwai Marg","kind":"road"},"geometry":{"type":"LineString","coordinates":[[77.2121071,28.6137596],[77.2121171,28.6139379],[77.2121416,28.6143746],[77.2121635,28.6147162]]}},{"type":"Feature","properties":{"osm_type":"way","osm_id":1493678684,"name":"Rafi Ahmed Kidwai Marg","kind":"road"},"geometry":{"type":"LineString","coordinates":[[77.2120065,28.612253],[77.2120463,28.6128615]]}},{"type":"Feature","properties":{"osm_type":"way","osm_id":1493678685,"name":"Rafi Ahmed Kidwai Marg","kind":"road"},"geometry":{"type":"LineString","coordinates":[[77.2119869,28.6119532],[77.2120065,28.612253]]}},{"type":"Feature","properties":{"osm_type":"way","osm_id":1493678699,"name":"Raisina Road","kind":"road"},"geometry":{"type":"LineString","coordinates":[[77.2138369,28.6176426],[77.2140546,28.6177439],[77.2155939,28.6184247]]}},{"type":"Feature","properties":{"osm_type":"way","osm_id":1502797498,"name":"Safdarjung Road","kind":"road"},"geometry":{"type":"LineString","coordinates":[[77.2074462,28.5959511],[77.2075755,28.5957192],[77.2078378,28.5951549],[77.2080629,28.5946705],[77.2091968,28.5922306],[77.2092958,28.5920187],[77.2095095,28.5915611],[77.2095807,28.5915199],[77.2096655,28.5915016],[77.2115317,28.5915983],[77.212175,28.5916319],[77.2125055,28.5916491],[77.2125254,28.5916501],[77.2126739,28.59167]]}},{"type":"Feature","properties":{"osm_type":"way","osm_id":1502797502,"name":"Doctor A.P.J. Abdul Kalam Marg","kind":"road"},"geometry":{"type":"LineString","coordinates":[[77.2079798,28.5962789],[77.2088114,28.5966482],[77.209516,28.5969611],[77.2096251,28.5970096],[77.2102903,28.597305],[77.2106419,28.5974611],[77.2107498,28.5975229],[77.2109383,28.5976382]]}},{"type":"Feature","properties":{"osm_type":"way","osm_id":1553810503,"name":"Doctor Rajendra Prasad Road","kind":"road"},"geometry":{"type":"LineString","coordinates":[[77.2246817,28.6163292],[77.224564,28.6163837],[77.2244331,28.6164026],[77.2241883,28.6164056],[77.222762,28.6164349]]}},{"type":"Feature","properties":{"osm_type":"way","osm_id":1553810509,"name":"Doctor Rajendra Prasad Road","kind":"road"},"geometry":{"type":"LineString","coordinates":[[77.222762,28.6164349],[77.2225699,28.6164433]]}},{"type":"Feature","properties":{"osm_type":"way","osm_id":1553810511,"name":"Doctor Rajendra Prasad Road","kind":"road"},"geometry":{"type":"LineString","coordinates":[[77.2227633,28.6165108],[77.223795,28.6164807],[77.2244381,28.6164633],[77.2245471,28.6164583],[77.2246249,28.6164535],[77.2246954,28.6164611]]}},{"type":"Feature","properties":{"osm_type":"way","osm_id":1553810512,"name":"Doctor Rajendra Prasad Road","kind":"road"},"geometry":{"type":"LineString","coordinates":[[77.2225752,28.6165192],[77.2227633,28.6165108]]}},{"type":"Feature","properties":{"osm_type":"way","osm_id":1553810515,"name":"Man Singh Road","kind":"road"},"geometry":{"type":"LineString","coordinates":[[77.22486,28.6148731],[77.2248822,28.615242],[77.2248961,28.6154786],[77.2249078,28.6158749],[77.2249096,28.6159679],[77.2248953,28.6160521],[77.2248443,28.6161281]]}},{"type":"Feature","properties":{"osm_type":"way","osm_id":1560064970,"name":"Tughlaq Road","kind":"road"},"geometry":{"type":"LineString","coordinates":[[77.2112919,28.5974889],[77.2112793,28.5974278],[77.2112692,28.5973482],[77.2113024,28.5971823],[77.2113849,28.5968754]]}},{"type":"Feature","properties":{"osm_type":"way","osm_id":1560064971,"name":"Tughlaq Road","kind":"road"},"geometry":{"type":"LineString","coordinates":[[77.2113047,28.5968538],[77.2112167,28.5971651],[77.2111533,28.5973524],[77.2110821,28.5974457]]}},{"type":"Feature","properties":{"name":"India Gate","osm":"way/361709652"},"geometry":{"type":"Point","coordinates":[77.22949195,28.61293225]}},{"type":"Feature","properties":{"name":"National Museum","osm":"relation/17080654"},"geometry":{"type":"Point","coordinates":[77.21930925,28.61162065]}},{"type":"Feature","properties":{"name":"Lodhi Gardens","osm":"way/80442502"},"geometry":{"type":"Point","coordinates":[77.2195624,28.5934806]}}]}